{"sections":{"main":{"type":"article-template","settings":{"animation":"fade","bgsection":"rgba(0,0,0,0)","layout_featured":"in-image","align":"left","enable_image":true,"enable_full":true,"height_adapt":"350","enable_comment":true,"enable_date":true,"enable_author":true,"social_sharing_blog":true,"blog_show_previous_and_next_buttons":true,"sidebar_enable":true,"sidebar_position":"left","paddingsection":"0px 0px 0px 0px","paddingmobile":"0px 0px 0px 0px","marginsection":"0px 0px 0px 0px","marginmobile":"0px 0px 0px 0px"}},"41de82a4-89b0-45fd-83c7-8ac696436d08":{"type":"line","settings":{"animation":"","paddingsection":"64px 0px 64px 0px","marginsection":"0px 0px 0px 0px","bgsection":"#ffffff","setwidth":"full","bgborder":"#dddddd","wborder":"1px"}},"7829a766-3158-48f1-ac53-061545162788":{"type":"featured-articles","settings":{"animation":"fade","setwidth":"container","bgsection":"#ffffff","title_top":"","title":"You may so like","des":"","align-heading":"center","blog":"news","item_style":"blog-3","enable_btn_blog":true,"enable_btn_line":false,"enable_date":true,"enable_tag":false,"enable_comment":true,"enable_short":false,"image_size":"square","arrows":true,"draggable":true,"dots":true,"infinite":true,"rows":"1","limit":5,"show":3,"paddingsection":"0px 0px 64px 0px","paddingmobile":"0px 0px 24px 0px","marginsection":"0px 0px 0px 0px","marginmobile":"0px 0px 0px 0px"}}},"order":["main","41de82a4-89b0-45fd-83c7-8ac696436d08","7829a766-3158-48f1-ac53-061545162788"]}