{"sections":{"main":{"type":"blog-template-1","settings":{"animation":"fade-up","blog_layout":"grid","grid_column":"2","item_style":"blog-7","image_size":"auto","enable_btn_blog":true,"enable_btn_line":false,"enable_date":true,"enable_tag":true,"enable_comment":true,"enable_short":true,"limit":6,"sidebar_enable":false,"sidebar_position":"right","paddingsection":"100px 0px 0px 0px","paddingmobile":"0px 0px 0px 0px","marginsection":"0px 0px 50px 0px","marginmobile":"0px 0px 0px 0px"}}},"order":["main"]}