{"sections":{"featured-blog":{"type":"featured-blog-posts","blocks":{"6ffd891e-35d8-4ba2-995f-313467b1da26":{"type":"post","settings":{"article":"news\/from-clay-to-masterpiece-a-beginners-guide-to-pottery","subheading":"Featured post"}},"9c1484e8-ac45-4472-a72c-802537fc6c38":{"type":"post","settings":{"article":"news\/the-timeless-appeal-of-ceramics-from-ancient-tradition-to-modern-decor","subheading":"Featured post"}},"6f8d7fdd-6564-48fc-9a4d-2b3c5d1865d4":{"type":"post","settings":{"article":"news\/firing-your-ceramics-the-complete-guide","subheading":"Featured post"}}},"block_order":["6ffd891e-35d8-4ba2-995f-313467b1da26","9c1484e8-ac45-4472-a72c-802537fc6c38","6f8d7fdd-6564-48fc-9a4d-2b3c5d1865d4"],"settings":{"animation":"fade","height_adapt":"550","enable_btn_blog":true,"enable_btn_line":false,"enable_date":true,"enable_tag":true,"enable_comment":true,"enable_author":true,"enable_short":true,"bgsection":"#f7f7f7","clsection":"rgba(0,0,0,0)","paddingsection":"0px 0px 0px 0px","paddingmobile":"0px 0px 0px 0px","marginsection":"0px 0px 88px 0px","marginmobile":"0px 0px 60px 0px"}},"main":{"type":"blog-template-1","settings":{"animation":"fade-up","blog_layout":"grid","grid_column":"3","item_style":"blog-5","image_size":"auto","enable_btn_blog":true,"enable_btn_line":false,"enable_date":true,"enable_tag":true,"enable_comment":true,"enable_short":false,"limit":6,"sidebar_enable":false,"sidebar_position":"right","paddingsection":"0px 0px 0px 0px","paddingmobile":"0px 0px 0px 0px","marginsection":"0px 0px 0px 0px","marginmobile":"0px 0px 0px 0px"}}},"order":["featured-blog","main"]}