{"sections":{"main":{"type":"cart-template","settings":{"cart_notes_enable":true}},"2979a36a-c6b2-4ef9-a5cc-d84aa4da690b":{"type":"product-list-swiper","settings":{"animation":"","setwidth":"container","bgsection":"#ffffff","title_top":"recomment","title":"You May Also Like","des":"","align-heading":"left","collection":"basket-storage","limit":8,"perviewDesktop":4,"spaceBetween":30,"nowrap":true,"arrows":true,"scrollbar":false,"paddingsection":"40px 0px 40px 0px","paddingmobile":"40px 0px 40px 0px","marginsection":"0px 0px 0px 0px","marginmobile":"0px 0px 0px 0px"}}},"order":["main","2979a36a-c6b2-4ef9-a5cc-d84aa4da690b"]}