{"sections":{"collection-promo":{"type":"main-coupon_code","disabled":true,"settings":{"coupon_time":3}},"collection-banner":{"type":"main-collection-banner","settings":{"show_collection_description":true,"show_collection_image":true,"img_bannercollection":"shopify:\/\/shop_images\/product-page-banner.jpg","style_banner":"full","heading_size":"h2","img_height":"250px","bg_color":"#ffffff","image_text_color":"#ffffff","image_overlay_color":"#000000","image_overlay_opacity":30,"enable_collection":true,"enable_count":true,"link_list_head":"categories"}},"product-grid":{"type":"main-collection-template","settings":{"collection_width":"container","products_per_page":12,"collection_perrow":"3","type_pagination":"pagi","enable_viewcolumn":true,"enable_filtering":true,"enable_sorting":true,"filter_type":"vertical","first_group":false,"open_group":true,"enable_color":true,"type_color":true,"style_color":"color_grid","style_size":"grid","enable_edit_item":true,"select_item":"product-2","enable_list_collection":true,"link_list_head":"","padding_top":48,"padding_bottom":48}}},"order":["collection-promo","collection-banner","product-grid"]}