{"sections":{"f1e1887b-a4a2-4e77-b01e-f2d4792299b4":{"type":"scrolling-text","blocks":{"template--17098487562463__f1e1887b-a4a2-4e77-b01e-f2d4792299b4-item-1":{"type":"item","settings":{"code":"Limited-time Offer"}},"8bbd2acb-9055-4534-ad4c-efecc130ec58":{"type":"item","settings":{"code":"Handcrafted Pottery"}},"37305f3d-3dc4-4306-af68-00efeeb44c61":{"type":"item","settings":{"code":"Limited stock"}},"7b21fb4b-2a77-4917-b9b2-f46d63b1eae4":{"type":"item","settings":{"code":"Art of Elegance!"}}},"block_order":["template--17098487562463__f1e1887b-a4a2-4e77-b01e-f2d4792299b4-item-1","8bbd2acb-9055-4534-ad4c-efecc130ec58","37305f3d-3dc4-4306-af68-00efeeb44c61","7b21fb4b-2a77-4917-b9b2-f46d63b1eae4"],"custom_css":[".text-scroll span.textscroll-item span {font-size: 20px;}"],"settings":{"animation":"","size_text":"h3","text_style":"solid","size_icon":24,"speed":10,"scroll_type":"from-right","background":"#000000","gradient_bg":"","text":"#ffffff","paddingsection":"10px 0px 10px 0px","paddingmobile":"40px 0px 40px 0px","marginsection":"0px 0px 0px 0px","marginmobile":"0px 0px 0px 0px"}},"e5efb227-f201-4ab7-bb93-ab01d7e21882":{"type":"featured-collections-3","blocks":{"template--17098487562463__e5efb227-f201-4ab7-bb93-ab01d7e21882-collection-1":{"type":"collection","settings":{"collection":"clay-craft","image":"shopify:\/\/shop_images\/new-collection1.jpg"}},"template--17098487562463__e5efb227-f201-4ab7-bb93-ab01d7e21882-collection-2":{"type":"collection","settings":{"collection":"elemental-edge","image":"shopify:\/\/shop_images\/new-collection2.jpg"}},"template--17098487562463__e5efb227-f201-4ab7-bb93-ab01d7e21882-collection-3":{"type":"collection","settings":{"collection":"heritage-harbor","image":"shopify:\/\/shop_images\/new-collection3.jpg"}},"a421d5d3-a188-4dfc-8235-3d0345eff6b4":{"type":"collection","settings":{"collection":"nature-nectar","image":"shopify:\/\/shop_images\/new-collection4.jpg"}},"6a921895-cd48-46f4-9f18-d2ecb43e853e":{"type":"collection","settings":{"collection":"sculptural","image":"shopify:\/\/shop_images\/new-collection5.jpg"}},"8f9f0872-928d-4623-827c-5e7e52c222dd":{"type":"collection","settings":{"collection":"serenity-clay","image":"shopify:\/\/shop_images\/new-collection6.jpg"}}},"block_order":["template--17098487562463__e5efb227-f201-4ab7-bb93-ab01d7e21882-collection-1","template--17098487562463__e5efb227-f201-4ab7-bb93-ab01d7e21882-collection-2","template--17098487562463__e5efb227-f201-4ab7-bb93-ab01d7e21882-collection-3","a421d5d3-a188-4dfc-8235-3d0345eff6b4","6a921895-cd48-46f4-9f18-d2ecb43e853e","8f9f0872-928d-4623-827c-5e7e52c222dd"],"custom_css":[".title-collection {color: #fff;}","p.item-counts {color: #fff;}"],"settings":{"animation":"","setwidth":"container","bgsection":"#ffffff","title_top":"Unique Handcrafted Pieces","title":"Artisanal Pottery Collections","des":"","align-heading":"center","stylecollection":"nameanditem","size_image_col":"auto","color":"#000000","bg_overlay":"#222222","enable_gradient":false,"opacity_overlay":0.2,"size_title":"h4","button_link":"","button":"All Products","perviewDesktop":4,"spaceBetween":30,"nowrap":true,"arrows":false,"scrollbar":true,"paddingsection":"70px 0px 80px 0px","paddingmobile":"40px 0px 40px 0px","marginsection":"0px 0px 0px 0px","marginmobile":"0px 0px 0px 0px"}},"51424759-de31-4462-851f-1b980c34a19f":{"type":"product-tab","blocks":{"template--17098487562463__51424759-de31-4462-851f-1b980c34a19f-collection-1":{"type":"collection","settings":{"title":"Clay Craft","collection":"clay-craft"}},"template--17098487562463__51424759-de31-4462-851f-1b980c34a19f-collection-2":{"type":"collection","settings":{"title":"Elemental Edge","collection":"elemental-edge"}},"template--17098487562463__51424759-de31-4462-851f-1b980c34a19f-collection-3":{"type":"collection","settings":{"title":"Heritage Harbor","collection":"heritage-harbor"}}},"block_order":["template--17098487562463__51424759-de31-4462-851f-1b980c34a19f-collection-1","template--17098487562463__51424759-de31-4462-851f-1b980c34a19f-collection-2","template--17098487562463__51424759-de31-4462-851f-1b980c34a19f-collection-3"],"custom_css":[".nav-tabs.nav-tabs-1 .nav-link {font-size: 22px;}"],"settings":{"animation":"","setwidth":"container","bgsection":"#ffffff","title_top":"Handpicked Pottery Masterpieces","title":"Artisan's Picks","des":"","align-heading":"center","style_tab":"line-right","enable_carousel":false,"arrows":false,"draggable":true,"dots":false,"infinite":true,"rows":"2","spaceBetween":30,"limit":8,"show":4,"paddingsection":"0px 0px 0px 0px","paddingmobile":"40px 0px 40px 0px","marginsection":"0px 0px 0px 0px","marginmobile":"0px 0px 0px 0px"}},"c59afba3-d5f7-473d-a9f0-e2cc379b5eaf":{"type":"grid-banner","blocks":{"template--17098487562463__c59afba3-d5f7-473d-a9f0-e2cc379b5eaf-banner-1":{"type":"banner","settings":{"width":"6","image":"shopify:\/\/shop_images\/banner7.jpg","subtitle":"Explore Handmade Pottery Treasures","color_sub":"#000000","title":"Crafted Elegance for<br> Every Corner","color_title":"#222222","size_text":"h2","description":"Elevate your surroundings with the unique<br> touch of handmade pottery.","bg_color":"#000000","colordef":"#222222","opacity_bg":0,"style_btn":"btn-underline btn-underline-white","button_text":"View more","button_link":"","vertical":"mid","horizontal":"left","text_align":"left"}},"template--17098487562463__c59afba3-d5f7-473d-a9f0-e2cc379b5eaf-banner-2":{"type":"banner","settings":{"width":"6","image":"shopify:\/\/shop_images\/banner8.jpg","subtitle":"Elevate Your Space with Artisan Pottery","color_sub":"#000000","title":"Elevate Your Home with <br>Artisanal Pottery","color_title":"#000000","size_text":"h2","description":"Transform your living space into a haven of <br>sophistication with our Pottery site.","bg_color":"#ffffff","colordef":"#222222","opacity_bg":0,"style_btn":"btn-underline btn-underline-white","button_text":"View more","button_link":"","vertical":"mid","horizontal":"right","text_align":"right"}}},"block_order":["template--17098487562463__c59afba3-d5f7-473d-a9f0-e2cc379b5eaf-banner-1","template--17098487562463__c59afba3-d5f7-473d-a9f0-e2cc379b5eaf-banner-2"],"settings":{"animation":"","setwidth":"container","bgsection":"#ffffff","title_top":"","title":"","des":"","align-heading":"center","no_gutter":false,"show_overlay":true,"gradient_overlay":true,"bg_overlay":"#000000","opacity_overlay":0.4,"paddingsection":"40px 0px 80px 0px","paddingmobile":"40px 0px 40px 0px","marginsection":"0px 0px 0px 0px","marginmobile":"0px 0px 0px 0px"}},"fa2cbf10-e4e8-4832-a8e1-74723551749b":{"type":"count-down","custom_css":[".js-countdown.countdown-item .countdown-time {font-size: 26px;}","a.btn-theme {background: #fff; color: #000;}","a.btn-theme:hover {color: #fff;}"],"settings":{"animation":"","setwidth":"container","bgsection":"#000000","bg_full":false,"enable_padding":true,"color":"#ffffff","e_blur":true,"overlay":"#000000","opacity":0.5,"title":"Latest Deals","size_text":"h3","des":"","data_countdown":"2025-05-11T00:00:00","e_button":true,"txt_button":"Shop Collection","link_button":"","style_btn":"btn-theme","paddingsection":"30px 0px 30px 0px","paddingmobile":"40px 0px 40px 0px","marginsection":"0px 0px 0px 0px","marginmobile":"0px 0px 0px 0px"}},"18809c39-8101-4985-b5a6-7aec8a28f33d":{"type":"product-list","settings":{"animation":"","setwidth":"container","bgsection":"#ffffff","countdown_header":"","title_top":"","title":"","des":"","button_bottom":"","link_button_bottom":"","align-heading":"center","collection":"sculptural","arrows":true,"draggable":true,"dots":true,"infinite":true,"border_content":false,"rows":"1","style_section":"style_1","limit":10,"show":5,"paddingsection":"40px 0px 40px 0px","paddingmobile":"40px 0px 40px 0px","marginsection":"0px 0px 0px 0px","marginmobile":"0px 0px 0px 0px"}},"f0b81af1-843f-4f16-82a5-a2227b47321c":{"type":"parallax-banner","blocks":{"template--17098487562463__f0b81af1-843f-4f16-82a5-a2227b47321c-sub_title-1":{"type":"sub_title","settings":{"subtitle":"Discover Artisanal Pottery Treasures"}},"template--17098487562463__f0b81af1-843f-4f16-82a5-a2227b47321c-heading-1":{"type":"heading","settings":{"title":"Crafted Elegance for Your Home","size_text":"h2"}},"template--17098487562463__f0b81af1-843f-4f16-82a5-a2227b47321c-paragraph-1":{"type":"paragraph","settings":{"subtext":"From timeless classics to contemporary masterpieces"}},"d5275f72-5dac-4a90-a5a4-c56009455c3b":{"type":"heading","settings":{"title":"from $344.49","size_text":"h5"}}},"block_order":["template--17098487562463__f0b81af1-843f-4f16-82a5-a2227b47321c-sub_title-1","template--17098487562463__f0b81af1-843f-4f16-82a5-a2227b47321c-heading-1","template--17098487562463__f0b81af1-843f-4f16-82a5-a2227b47321c-paragraph-1","d5275f72-5dac-4a90-a5a4-c56009455c3b"],"settings":{"animation":"","setwidth":"container","bgsection":"rgba(0,0,0,0)","parrallax_enable":true,"image":"shopify:\/\/shop_images\/filler15.jpg","height_section":"450","height_section_mobile":"450","align":"left","position_text":"mid-left","bg_box":"#ffffff","opacity_bgbox":0.7,"title_color":"#222222","bg_overlay":"#000000","gradient_bg":"","opacity_bg_overlay":0.1,"paddingsection":"0px 0px 0px 0px","marginsection":"0px 0px 0px 0px"}},"052a1b46-4f4e-43ff-bba1-1e386d3be491":{"type":"product-list-small","blocks":{"template--17042210521311__052a1b46-4f4e-43ff-bba1-1e386d3be491-productlist-1":{"type":"productlist","settings":{"mini_collection":"sculptural","title":"Ceramics & Pottery Decor","limit_product":"5","p_border":"#e9e9e9","width":"33%","align":"end"}},"template--17042210521311__052a1b46-4f4e-43ff-bba1-1e386d3be491-productlist-2":{"type":"productlist","settings":{"mini_collection":"heritage-harbor","title":"Handcrafted Treasures","limit_product":"5","p_border":"#e9e9e9","width":"33%","align":"auto"}},"template--17042210521311__052a1b46-4f4e-43ff-bba1-1e386d3be491-productlist-3":{"type":"productlist","settings":{"mini_collection":"elemental-edge","title":"Unique Home Decor","limit_product":"5","p_border":"#e9e9e9","width":"33%","align":"auto"}}},"block_order":["template--17042210521311__052a1b46-4f4e-43ff-bba1-1e386d3be491-productlist-1","template--17042210521311__052a1b46-4f4e-43ff-bba1-1e386d3be491-productlist-2","template--17042210521311__052a1b46-4f4e-43ff-bba1-1e386d3be491-productlist-3"],"custom_css":[".grid__item-inner.grid__item-inner--productlist h4 {font-size: 28px;}"],"settings":{"animation":"","setwidth":"container","bgsection":"#ffffff","e_size":"auto","e_repeat":"no-repeat","e_position":"center center","title_top":"","title":"","des":"","align-heading":"center","padding":true,"col_center":true,"paddingsection":"80px 0px 80px 0px","paddingmobile":"40px 0px 40px 0px","marginsection":"0px 0px 0px 0px","marginmobile":"0px 0px 0px 0px"}},"112377b6-e7fa-4b92-b6b3-b99bf4686f5c":{"type":"quotes","blocks":{"template--17042210521311__112377b6-e7fa-4b92-b6b3-b99bf4686f5c-quote-1":{"type":"quote","settings":{"title":"Perfect!","avatar":"shopify:\/\/shop_images\/team_1.jpg","author":"Sophia Reynolds","info":"","rate":5,"quote":"I stumbled upon the Ceramics & Pottery Decor Shop and was instantly captivated by the unique pieces they offer. The craftsmanship is unparalleled, and each item tells a story of artistry and dedication."}},"template--17042210521311__112377b6-e7fa-4b92-b6b3-b99bf4686f5c-quote-2":{"type":"quote","settings":{"title":"Perfect!","avatar":"shopify:\/\/shop_images\/team2.jpg","author":"Sophia Rodriguez","info":"","rate":5,"quote":"As a lover of unique home decor, I stumbled upon the Ceramics & Pottery Decor Shop and was instantly captivated. The craftsmanship of their pieces is unparalleled, each item telling a story of creativity and tradition."}},"template--17042210521311__112377b6-e7fa-4b92-b6b3-b99bf4686f5c-quote-3":{"type":"quote","settings":{"title":"Perfect","avatar":"shopify:\/\/shop_images\/team3.jpg","author":"Isabella Thompson","info":"","rate":5,"quote":"Transforming my living space with the beautiful ceramics and pottery from this shop has been an absolute delight. Each piece exudes craftsmanship and adds a touch of sophistication to my home."}},"e10f32d3-a2f6-4fb8-8ce1-6baa53e4aaf6":{"type":"quote","settings":{"title":"Perfect!","avatar":"shopify:\/\/shop_images\/team4.jpg","author":"Sophie Anderson","info":"","rate":5,"quote":"The craftsmanship of their pieces is truly unparalleled. Each item tells a unique story, adding a touch of sophistication and warmth to my living space. I've become a loyal customer"}}},"block_order":["template--17042210521311__112377b6-e7fa-4b92-b6b3-b99bf4686f5c-quote-1","template--17042210521311__112377b6-e7fa-4b92-b6b3-b99bf4686f5c-quote-2","template--17042210521311__112377b6-e7fa-4b92-b6b3-b99bf4686f5c-quote-3","e10f32d3-a2f6-4fb8-8ce1-6baa53e4aaf6"],"settings":{"animation":"","setwidth":"container","bgsection":"#ffffff","title_top":"What Our Customers are Saying","title":"Words from Satisfied Shoppers","des":"","align-heading":"center","aligntext":"text-center","style":"style-1","color_rate":"#fdfdfd","color_rated":"#000000","size_text":"txt-body","bg_item":"#e7ebe7","widthcolumn":100,"enable_padding_inner":true,"show":3,"arrows":false,"draggable":true,"dots":false,"infinite":true,"paddingsection":"20px 0px 20px 0px","paddingmobile":"60px 0px 60px 0px","marginsection":"0px 0px 0px 0px","marginmobile":"0px 0px 0px 0px"}},"a9635609-29b5-4364-8670-21323ee686ff":{"type":"featured-articles","settings":{"animation":"","setwidth":"container","bgsection":"#ffffff","title_top":"Artistic Inspiration, Expert Tips","title":"Our Ceramics & Pottery Decor Blog","des":"","align-heading":"center","blog":"news","item_style":"blog-1","enable_btn_blog":true,"enable_btn_line":false,"enable_date":true,"enable_tag":true,"enable_author":true,"enable_comment":true,"enable_short":true,"image_size":"auto","arrows":false,"draggable":false,"dots":false,"infinite":false,"rows":"1","limit":5,"show":3,"paddingsection":"80px 0px 60px 0px","paddingmobile":"40px 0px 40px 0px","marginsection":"0px 0px 0px 0px","marginmobile":"0px 0px 0px 0px"}},"f7f8492a-b1b5-4aae-a181-c480fdb925ab":{"type":"brand-carousel","blocks":{"template--17042210521311__f7f8492a-b1b5-4aae-a181-c480fdb925ab-logo-1":{"type":"logo","settings":{"image":"shopify:\/\/shop_images\/insta1.jpg","link":""}},"template--17042210521311__f7f8492a-b1b5-4aae-a181-c480fdb925ab-logo-2":{"type":"logo","settings":{"image":"shopify:\/\/shop_images\/insta6.jpg","link":""}},"template--17042210521311__f7f8492a-b1b5-4aae-a181-c480fdb925ab-logo-3":{"type":"logo","settings":{"image":"shopify:\/\/shop_images\/insta5.jpg","link":""}},"template--17042210521311__f7f8492a-b1b5-4aae-a181-c480fdb925ab-logo-4":{"type":"logo","settings":{"image":"shopify:\/\/shop_images\/insta2.jpg","link":""}},"template--17042210521311__f7f8492a-b1b5-4aae-a181-c480fdb925ab-logo-5":{"type":"logo","settings":{"image":"shopify:\/\/shop_images\/insta3.jpg","link":""}},"template--17042210521311__f7f8492a-b1b5-4aae-a181-c480fdb925ab-logo-6":{"type":"logo","settings":{"image":"shopify:\/\/shop_images\/insta4.jpg","link":""}}},"block_order":["template--17042210521311__f7f8492a-b1b5-4aae-a181-c480fdb925ab-logo-1","template--17042210521311__f7f8492a-b1b5-4aae-a181-c480fdb925ab-logo-2","template--17042210521311__f7f8492a-b1b5-4aae-a181-c480fdb925ab-logo-3","template--17042210521311__f7f8492a-b1b5-4aae-a181-c480fdb925ab-logo-4","template--17042210521311__f7f8492a-b1b5-4aae-a181-c480fdb925ab-logo-5","template--17042210521311__f7f8492a-b1b5-4aae-a181-c480fdb925ab-logo-6"],"custom_css":[],"settings":{"animation":"","setwidth":"container","bgsection":"#ffffff","title_top":"","title":"","des":"","align-heading":"center","grayscale":false,"arrows":false,"draggable":true,"dots":false,"infinite":true,"width_image":100,"slidestoshow":6,"slidescroll":1,"pd_items":1,"rows":"1","paddingsection":"0px 0px 60px 0px","paddingmobile":"40px 0px 40px 0px","marginsection":"0px 0px 0px 0px","marginmobile":"0px 0px 0px 0px"}}},"order":["f1e1887b-a4a2-4e77-b01e-f2d4792299b4","e5efb227-f201-4ab7-bb93-ab01d7e21882","51424759-de31-4462-851f-1b980c34a19f","c59afba3-d5f7-473d-a9f0-e2cc379b5eaf","fa2cbf10-e4e8-4832-a8e1-74723551749b","18809c39-8101-4985-b5a6-7aec8a28f33d","f0b81af1-843f-4f16-82a5-a2227b47321c","052a1b46-4f4e-43ff-bba1-1e386d3be491","112377b6-e7fa-4b92-b6b3-b99bf4686f5c","a9635609-29b5-4364-8670-21323ee686ff","f7f8492a-b1b5-4aae-a181-c480fdb925ab"]}