{"sections":{"main":{"type":"list-collections-template","blocks":{"54d3153c-e00a-438c-a1b9-f2c68e68fce1":{"type":"collection","settings":{"collection":"accessories"}}},"block_order":["54d3153c-e00a-438c-a1b9-f2c68e68fce1"],"settings":{"display_type":"all","layout":"grid","sort":"alphabetical"}},"16634028377c76965e":{"type":"line","disabled":true,"settings":{"animation":"fade","paddingsection":"0px 0px 0px 0px","marginsection":"0px 0px 0px 0px","bgsection":"#ffffff","setwidth":"container","bgborder":"#dddddd","wborder":"1px"}},"166340498714830ffb":{"type":"parallax-banner","blocks":{"449c4ba1-609f-49f7-9e5e-c85be12f11c2":{"type":"sub_title","settings":{"subtitle":"LIMITED EDITIONS"}},"aa316a40-0fd3-4aee-9b8f-94f9ce188d6c":{"type":"heading","settings":{"title":"Style Heroes","size_text":"h2"}},"4ca26696-8c69-457b-b768-8f4ea309d003":{"type":"paragraph","settings":{"subtext":"Discover more about our products."}},"b86a326b-4e5c-4ff4-8312-15fa764d2fdb":{"type":"button","settings":{"button":"discover now","link":"shopify:\/\/collections\/all","style_btn":"btn-theme"}}},"block_order":["449c4ba1-609f-49f7-9e5e-c85be12f11c2","aa316a40-0fd3-4aee-9b8f-94f9ce188d6c","4ca26696-8c69-457b-b768-8f4ea309d003","b86a326b-4e5c-4ff4-8312-15fa764d2fdb"],"settings":{"animation":"fade-up","setwidth":"full","bgsection":"#ffffff","parrallax_enable":true,"image":"shopify:\/\/shop_images\/baner-bg.jpg","height_section":"550","height_section_mobile":"450","align":"left","position_text":"mid-left","bg_box":"#ffffff","opacity_bgbox":1,"title_color":"#000000","bg_overlay":"#000000","gradient_bg":"","opacity_bg_overlay":0.1,"paddingsection":"0px 0px 0px 0px","marginsection":"0px 0px 0px 0px"}},"166340581364695c71":{"type":"product-list-swiper","settings":{"animation":"fade-up","setwidth":"container","bgsection":"#ffffff","title_top":"Best Women","title":"Lookbook Style","des":"","align-heading":"center","collection":"heritage-harbor","limit":8,"perviewDesktop":4,"spaceBetween":30,"nowrap":true,"arrows":true,"scrollbar":false,"paddingsection":"60px 0px 30px 0px","paddingmobile":"40px 0px 40px 0px","marginsection":"0px 0px 0px 0px","marginmobile":"0px 0px 0px 0px"}}},"order":["main","16634028377c76965e","166340498714830ffb","166340581364695c71"]}