{"sections":{"main":{"type":"page-gallery","blocks":{"35c5a8bf-f88b-4650-8fa6-346cddf9233a":{"type":"photo","settings":{"image":"shopify:\/\/shop_images\/bg.png","title":"Photo title","link":"shopify:\/\/collections\/dresses"}},"01818369-27ca-4ba4-aa32-49086f822538":{"type":"photo","settings":{"image":"shopify:\/\/shop_images\/bg_1.png","title":"Photo title","link":""}},"f9816319-01ee-49d5-abea-c9cdf152ef90":{"type":"photo","settings":{"image":"shopify:\/\/shop_images\/bg_2.png","title":"Photo title","link":""}},"14ab62a4-b357-4ad5-be49-f4db9c70296a":{"type":"photo","settings":{"image":"shopify:\/\/shop_images\/Mask_group_2.png","title":"Photo title","link":""}},"45ff869e-da27-4c4d-87c2-6ba74b57f79d":{"type":"photo","settings":{"image":"shopify:\/\/shop_images\/Rectangle_167.png","title":"Photo title","link":""}},"ee76d76b-506b-4407-968d-4fd21767653e":{"type":"photo","settings":{"image":"shopify:\/\/shop_images\/Rectangle_78.png","title":"Photo title","link":""}},"22a96c79-f4a3-4105-890c-ecb6e4287338":{"type":"photo","settings":{"image":"shopify:\/\/shop_images\/Rectangle_66.png","title":"Photo title","link":""}},"2694829a-ca44-425c-b52b-785aac0b44b0":{"type":"photo","settings":{"image":"shopify:\/\/shop_images\/Rectangle_66_1.png","title":"Photo title","link":""}},"9ab6d4f7-bb2c-4dfb-9a74-c93c26375fb6":{"type":"photo","settings":{"image":"shopify:\/\/shop_images\/Mask_group.png","title":"Photo title","link":""}},"f2efbeb3-d940-4385-90af-df25bf3cffa3":{"type":"photo","settings":{"image":"shopify:\/\/shop_images\/17_2.jpg","title":"Photo title","link":""}},"c5dbb7c0-c7f6-454a-b2c2-1280a3174636":{"type":"photo","settings":{"image":"shopify:\/\/shop_images\/Rectangle_81.png","title":"Photo title","link":""}},"668167bd-cf9a-4399-8cd9-85fa39e3bbac":{"type":"photo","settings":{"image":"shopify:\/\/shop_images\/19_2.jpg","title":"Photo title","link":""}}},"block_order":["35c5a8bf-f88b-4650-8fa6-346cddf9233a","01818369-27ca-4ba4-aa32-49086f822538","f9816319-01ee-49d5-abea-c9cdf152ef90","14ab62a4-b357-4ad5-be49-f4db9c70296a","45ff869e-da27-4c4d-87c2-6ba74b57f79d","ee76d76b-506b-4407-968d-4fd21767653e","22a96c79-f4a3-4105-890c-ecb6e4287338","2694829a-ca44-425c-b52b-785aac0b44b0","9ab6d4f7-bb2c-4dfb-9a74-c93c26375fb6","f2efbeb3-d940-4385-90af-df25bf3cffa3","c5dbb7c0-c7f6-454a-b2c2-1280a3174636","668167bd-cf9a-4399-8cd9-85fa39e3bbac"],"settings":{"animation":"fade","setwidth":"container","bgsection":"#ffffff","title_top":"","title":"Gallery","des":"Lorem ipsum dolor sit amet, consectetur adipiscing elit.","paddingsection":"80px 0px 70px 0px","paddingmobile":"40px 0px 30px 0px","marginsection":"0px 0px 0px 0px","marginmobile":"0px 0px 0px 0px"}}},"order":["main"]}