{"sections":{"main":{"type":"main-page","settings":{}},"16401917158cf2d87f":{"type":"advanced-content","blocks":{"f43bf903-a4ef-4509-ab7f-39244f730c3e":{"type":"image","settings":{"width":"50%","align":"center","image":"shopify:\/\/shop_images\/img8.jpg","width_image":100,"image_link":"","enable_top":false,"code":"","padding-left":false,"padding-right":false}},"e329a91d-3e91-4c84-aba0-281a4f227243":{"type":"html","settings":{"width":"50%","title":"","color_title":"#000000","sub":"A home that looks good and makes you feel good too","color_sub":"#000000","code":"<h4 class=\"text-center my-5\">\nIntroduce your company with a broad vision statement. The viewer should come away with a strong sense of what your company stands for, and what it is trying to achieve.\n<\/h4>","color_des":"#000000","button_text":"Discover More","link_button":"","align":"center","box_align":"center","text_align":"center"}}},"block_order":["f43bf903-a4ef-4509-ab7f-39244f730c3e","e329a91d-3e91-4c84-aba0-281a4f227243"],"settings":{"animation":"fade-up","setwidth":"container","padding_custom":15,"text_color":"rgba(0,0,0,0)","bgsection":"#ffffff","rangebg":0,"bgbefore":"rgba(0,0,0,0)","e_size":"auto","e_repeat":"no-repeat","e_position":"center center","zindex":"0","title_top":"Passionate","title":"Empowering Businesses  Large and Small.","des":"","align-heading":"center","padding":true,"col_center":true,"paddingsection":"80px 0px 50px 0px","paddingmobile":"60px 0px 60px 0px","marginsection":"0px 0px 0px 0px","marginmobile":"0px 0px 0px 0px"}},"164019264247f7fa60":{"type":"advanced-content","blocks":{"1640192642e6f5e383-0":{"type":"html","settings":{"width":"33%","image_sub":"shopify:\/\/shop_images\/blog-1.jpg","title":"","color_title":"#ffffff","sub":"","color_sub":"#ffffff","code":"<div class=\"text-center\">\n<h2>2011<\/h2>\n<p class=\"txt-body-70\">A modest number to start off<br> the metrics section.<\/p>\n<\/div>","color_des":"#ffffff","button_text":"Discover More","link_button":"","align":"auto","box_align":"center","text_align":"center"}},"d8dcf88f-b3d5-478f-8382-d00f82d9f785":{"type":"html","settings":{"width":"33%","image_sub":"shopify:\/\/shop_images\/blog-2.jpg","title":"","color_title":"#000000","sub":"","color_sub":"#000000","code":"<div class=\"text-center\">\n<h2>20k<\/h2>\n<p class=\"txt-body-70\">That’s a massive increase over <br>previous performance.<\/p>\n<\/div>","color_des":"#000000","button_text":"Discover More","link_button":"","align":"auto","box_align":"center","text_align":"center"}},"7b99e58d-cefe-4038-9de0-c4cf38d9f7b1":{"type":"html","settings":{"width":"33%","image_sub":"shopify:\/\/shop_images\/blog-3.jpg","title":"","color_title":"#000000","sub":"","color_sub":"#000000","code":"<div class=\"text-center \">\n<h2>$100M<\/h2>\n<p class=\"txt-body-70\">This is a larger number than the <br>other two numbers.<\/p>\n<\/div>","color_des":"#000000","button_text":"Discover More","link_button":"","align":"auto","box_align":"center","text_align":"center"}}},"block_order":["1640192642e6f5e383-0","d8dcf88f-b3d5-478f-8382-d00f82d9f785","7b99e58d-cefe-4038-9de0-c4cf38d9f7b1"],"settings":{"animation":"fade-up","setwidth":"container","padding_custom":15,"text_color":"rgba(0,0,0,0)","bgsection":"#ffffff","rangebg":0,"bgbefore":"rgba(0,0,0,0)","e_size":"auto","e_repeat":"no-repeat","e_position":"center center","zindex":"0","title_top":"","title":"","des":"","align-heading":"center","padding":true,"col_center":false,"paddingsection":"50px 0px 50px 0px","paddingmobile":"40px 0px 60px 0px","marginsection":"0px 0px 0px 0px","marginmobile":"0px 0px 0px 0px"}},"16401930874092dd8f":{"type":"advanced-content","blocks":{"164019308781fb4c92-0":{"type":"html","settings":{"width":"66%","image_sub":"shopify:\/\/shop_images\/blog-4.jpg","title":"","color_title":"#000000","sub":"","color_sub":"#000000","code":"<div>\n<span class=\"subtop text-theme\">OUR VALUES<\/span>\n<h4 class=\"mt-4\">Established in 2017, by husband and wife team Rob and Frankie, Hutch specialises in helping you bring the perfect houseplants home.\n<h4 class=\"mt-4\">\nBorn out of a passion for all things botanical and Frankie's love of planting up terrariums, Hutch began life as a short term pop up shop in Exeter's city centre. The aim was simple; create a jungle bursting with exotic foliage right in the centre of a bustling city.\n<\/h4>\n<\/h4>\n<\/div>","color_des":"#000000","button_text":"Discover More","link_button":"","align":"auto","box_align":"center","text_align":"center"}}},"block_order":["164019308781fb4c92-0"],"settings":{"animation":"fade-up","setwidth":"container","padding_custom":15,"text_color":"rgba(0,0,0,0)","bgsection":"#fcf9f3","rangebg":0,"bgbefore":"rgba(0,0,0,0)","e_size":"cover","e_repeat":"no-repeat","e_position":"center center","zindex":"0","image_header":"shopify:\/\/shop_images\/blog-4.jpg","title_top":"","title":"","des":"","align-heading":"center","padding":true,"col_center":true,"paddingsection":"100px 0px 100px 0px","paddingmobile":"60px 0px 60px 0px","marginsection":"0px 0px 0px 0px","marginmobile":"0px 0px 0px 0px"}},"1640193768119372bb":{"type":"advanced-content","blocks":{"164019376868a7ca5d-0":{"type":"html","settings":{"width":"33%","title":"","color_title":"#000000","sub":"","color_sub":"#000000","code":"<h3>We're leading development for modern teams.<\/h3>","color_des":"#000000","button_text":"Discover More","link_button":"","align":"center","box_align":"center","text_align":"center"}},"09697fe7-f3ea-4ea3-8c9d-fc93dec82f7a":{"type":"html","settings":{"width":"33%","title":"","color_title":"#000000","sub":"","color_sub":"#000000","code":"<div class=\"px-lg-5\">\n<h1 class=\"mb-4\">44%<\/h1>\n<p>Lorem ipsum dolor sit amet, consectetur adipiscing elit. Vestibulum libero.<\/p>\n<\/div>","color_des":"#000000","button_text":"Discover More","link_button":"","align":"center","box_align":"center","text_align":"center"}},"09fc32e1-9bbc-44f0-8916-6eafa40892d2":{"type":"image","settings":{"width":"33%","align":"auto","image":"shopify:\/\/shop_images\/blog-6.jpg","width_image":100,"image_link":"","enable_top":false,"code":"","padding-left":false,"padding-right":false}}},"block_order":["164019376868a7ca5d-0","09697fe7-f3ea-4ea3-8c9d-fc93dec82f7a","09fc32e1-9bbc-44f0-8916-6eafa40892d2"],"settings":{"animation":"fade-up","setwidth":"container","padding_custom":15,"text_color":"rgba(0,0,0,0)","bgsection":"#ffffff","rangebg":0,"bgbefore":"rgba(0,0,0,0)","e_size":"auto","e_repeat":"no-repeat","e_position":"center center","zindex":"0","title_top":"","title":"","des":"","align-heading":"center","padding":true,"col_center":false,"paddingsection":"100px 0px 100px 0px","paddingmobile":"40px 0px 40px 0px","marginsection":"0px 0px 0px 0px","marginmobile":"0px 0px 0px 0px"}},"16401946038d3179cf":{"type":"advanced-content","blocks":{"b126ea88-1ce1-4cc2-ba30-9fd13a8c23bd":{"type":"image","settings":{"width":"50%","align":"auto","image":"shopify:\/\/shop_images\/blog-7.jpg","width_image":100,"image_link":"","enable_top":false,"code":"","padding-left":false,"padding-right":false}},"1640194603f33108fb-0":{"type":"html","settings":{"width":"50%","title":"","color_title":"#000000","sub":"","color_sub":"#000000","code":"<div class=\"pl-lg-5 ml-lg-5\">\n<h3 class=\"mb-3\">Over 40% traffic improvements<\/h3>\n<p>We are humans helping other humans succeed, and we believe that transparency is the key to forging lasting relationships.<\/p>\n<h5 class=\"mt-4\">\nRikke Thomsen\n<\/h5>\nCEO & CTO\n<\/div>","color_des":"#000000","button_text":"","link_button":"","align":"center","box_align":"center","text_align":"center"}}},"block_order":["b126ea88-1ce1-4cc2-ba30-9fd13a8c23bd","1640194603f33108fb-0"],"settings":{"animation":"fade-up","setwidth":"container","padding_custom":15,"text_color":"rgba(0,0,0,0)","bgsection":"#fcf9f3","rangebg":0,"bgbefore":"rgba(0,0,0,0)","e_size":"auto","e_repeat":"no-repeat","e_position":"center center","zindex":"0","title_top":"","title":"","des":"","align-heading":"center","padding":true,"col_center":false,"paddingsection":"80px 0px 80px 0px","paddingmobile":"40px 0px 0px 0px","marginsection":"0px 0px 0px 0px","marginmobile":"0px 0px 0px 0px"}},"1640194879aa08c1d1":{"type":"advanced-content","blocks":{"16401948795068e847-0":{"type":"html","settings":{"width":"50%","title":"","color_title":"#000000","sub":"","color_sub":"#000000","code":"<div class=\"pr-lg-5\">\n<span class=\"subtop\">COMMENCER<\/span>\n<h3 class=\"mt-3 mb-5\">Il n'a jamais été aussi facile de gérer ses finances<\/h3>\n<div class=\"row\">\n<div class=\"col-lg-6 mb-4\">\n<h2>98%<\/h2>\n<p>Satisfaction des clients<\/p>\n<\/div>\n<div class=\"col-lg-6 mb-4\">\n<h2>205M+<\/h2>\n<p>Utilisateurs actifs mensuels<\/p>\n<\/div>\n<div class=\"col-lg-6\">\n<h2>100K+<\/h2>\n<p>Nouveaux utilisateurs par semaine<\/p>\n<\/div>\n<div class=\"col-lg-6\">\n<h2>55%<\/h2>\n<p>Croissance d'une année sur l'autre<\/p>\n<\/div>\n<\/div>\n<\/div>","color_des":"#000000","button_text":"Discover More","link_button":"","align":"center","box_align":"center","text_align":"center"}},"e5315759-7249-4f52-94d3-9e1a963b0e7e":{"type":"image","settings":{"width":"50%","align":"auto","image":"shopify:\/\/shop_images\/img2.jpg","width_image":100,"image_link":"","enable_top":false,"code":"","padding-left":false,"padding-right":false}}},"block_order":["16401948795068e847-0","e5315759-7249-4f52-94d3-9e1a963b0e7e"],"settings":{"animation":"fade-up","setwidth":"container","padding_custom":15,"text_color":"rgba(0,0,0,0)","bgsection":"#ffffff","rangebg":0,"bgbefore":"rgba(0,0,0,0)","e_size":"auto","e_repeat":"no-repeat","e_position":"center center","zindex":"0","title_top":"","title":"","des":"","align-heading":"center","padding":true,"col_center":false,"paddingsection":"80px 0px 80px 0px","paddingmobile":"40px 0px 40px 0px","marginsection":"0px 0px 0px 0px","marginmobile":"0px 0px 0px 0px"}}},"order":["main","16401917158cf2d87f","164019264247f7fa60","16401930874092dd8f","1640193768119372bb","16401946038d3179cf","1640194879aa08c1d1"]}