{"sections":{"main":{"type":"s_team_member","blocks":{"template--16716887458110__abb14abe-2a33-4a6b-aaa1-d36d5422d78d-1666689151286d1fe7-0":{"type":"member","settings":{"image":"shopify:\/\/shop_images\/16_2.jpg","name":"Abdul Khalek","position":"CEO & Founder","facebook":"https:\/\/www.facebook.com\/","twitter":"https:\/\/twitter.com\/","instagram":"","pinterest":""}},"template--16716887458110__abb14abe-2a33-4a6b-aaa1-d36d5422d78d-1666689151286d1fe7-1":{"type":"member","settings":{"image":"shopify:\/\/shop_images\/16_2.jpg","name":"Vera Duncan","position":"Producer","facebook":"https:\/\/www.facebook.com\/","twitter":"https:\/\/twitter.com\/","instagram":"","pinterest":""}},"template--16716887458110__abb14abe-2a33-4a6b-aaa1-d36d5422d78d-1666689151286d1fe7-2":{"type":"member","settings":{"image":"shopify:\/\/shop_images\/16_2.jpg","name":"Michella Ore","position":"Developer","facebook":"https:\/\/www.facebook.com\/","twitter":"https:\/\/twitter.com\/","instagram":"","pinterest":""}},"ef393f42-f5c0-45d5-a2a1-4b393bd9d289":{"type":"member","settings":{"image":"shopify:\/\/shop_images\/16_2.jpg","name":"Jennifer C.","position":"Designer","facebook":"#","twitter":"#","instagram":"","pinterest":""}},"f919b4ce-0fea-4c28-abf7-e08700202918":{"type":"member","settings":{"image":"shopify:\/\/shop_images\/16_2.jpg","name":"Slava Fedutik","position":"Designer","facebook":"#","twitter":"#","instagram":"","pinterest":""}}},"block_order":["template--16716887458110__abb14abe-2a33-4a6b-aaa1-d36d5422d78d-1666689151286d1fe7-0","template--16716887458110__abb14abe-2a33-4a6b-aaa1-d36d5422d78d-1666689151286d1fe7-1","template--16716887458110__abb14abe-2a33-4a6b-aaa1-d36d5422d78d-1666689151286d1fe7-2","ef393f42-f5c0-45d5-a2a1-4b393bd9d289","f919b4ce-0fea-4c28-abf7-e08700202918"],"settings":{"animation":"fade","setwidth":"container","bgsection":"","title_top":"Top Team","title":"We Pride Ourselves On Have A  Team Of Highly","des":"","align-heading":"center","layout":"1","arrows":true,"draggable":true,"dots":true,"infinite":true,"rows":"1","show":3,"paddingsection":"48px 0px 40px 0px","paddingmobile":"60px 0px 40px 0px","marginsection":"0px 0px 0px 0px","marginmobile":"0px 0px 0px 0px"}}},"order":["main"]}