{"sections":{"main":{"type":"main-page","settings":{}},"bfc70ef2-4d5d-44da-8cd0-774a9b817f64":{"type":"parallax-banner","blocks":{"template--18049703772478__bfc70ef2-4d5d-44da-8cd0-774a9b817f64-16774805461c3b0f88-0":{"type":"sub_title","settings":{"subtitle":"Step onto the Runway of Life"}},"template--18049703772478__bfc70ef2-4d5d-44da-8cd0-774a9b817f64-16774805461c3b0f88-1":{"type":"heading","settings":{"title":"Your Everyday Fashion, Runway Ready","size_text":"h1"}},"template--18049703772478__bfc70ef2-4d5d-44da-8cd0-774a9b817f64-16774805461c3b0f88-2":{"type":"paragraph","settings":{"subtext":"Transform your daily look into a runway-worthy ensemble.<br> Our curated collection brings the glamour of the catwalk to your everyday life."}}},"block_order":["template--18049703772478__bfc70ef2-4d5d-44da-8cd0-774a9b817f64-16774805461c3b0f88-0","template--18049703772478__bfc70ef2-4d5d-44da-8cd0-774a9b817f64-16774805461c3b0f88-1","template--18049703772478__bfc70ef2-4d5d-44da-8cd0-774a9b817f64-16774805461c3b0f88-2"],"settings":{"animation":"fade","setwidth":"full","bgsection":"#ffffff","parrallax_enable":true,"image":"shopify:\/\/shop_images\/baner-bg.jpg","height_section":"650","height_section_mobile":"450","align":"center","position_text":"mid-center","bg_box":"#ffffff","opacity_bgbox":0,"title_color":"#ffffff","bg_overlay":"#000000","gradient_bg":"","opacity_bg_overlay":0.4,"paddingsection":"0px 0px 0px 0px","marginsection":"0px 0px 0px 0px"}},"36bd0f53-2e60-4387-a0a2-2f7fee7ce646":{"type":"grid-banner-2","blocks":{"template--18049703772478__36bd0f53-2e60-4387-a0a2-2f7fee7ce646-1677481737180c98cd-0":{"type":"banner","settings":{"paddingblock":"0px 0px 0px 0px","bg_image":"","border_banner":"rgba(0,0,0,0)","bg_banner":"rgba(0,0,0,0)","opbg_banner":0.4,"image":"shopify:\/\/shop_images\/filler4.jpg","width":"6","description":"<h3 class=\"mb-2\">Express Your Authenticity<\/h3><p>Fashion that Speaks Your Unique Style<\/p>","button_text":"shop now","button_link":"","style_btn":"btn-underline","reverse":"flex-column","text_align":"center"}},"template--18049703772478__36bd0f53-2e60-4387-a0a2-2f7fee7ce646-1677481737180c98cd-1":{"type":"banner","settings":{"paddingblock":"0px 0px 0px 0px","bg_image":"","border_banner":"rgba(0,0,0,0)","bg_banner":"rgba(0,0,0,0)","opbg_banner":0.4,"image":"shopify:\/\/shop_images\/filler5.jpg","width":"6","description":"<h3 class=\"mb-2\">Seasonal Chic Arrivals<\/h3><p>Step into the Latest Fashion Trends<\/p>","button_text":"Shop now","button_link":"","style_btn":"btn-underline","reverse":"flex-column","text_align":"center"}}},"block_order":["template--18049703772478__36bd0f53-2e60-4387-a0a2-2f7fee7ce646-1677481737180c98cd-0","template--18049703772478__36bd0f53-2e60-4387-a0a2-2f7fee7ce646-1677481737180c98cd-1"],"settings":{"animation":"fade-up","setwidth":"container","bgsection":"#ffffff","title_top":"","title":"Chase the Seasons in Style","des":"Update your wardrobe with the latest seasonal trends. From cozy knits to stylish layers.","align-heading":"center","no_gutter":false,"paddingsection":"80px 0px 80px 0px","paddingmobile":"40px 0px 40px 0px","marginsection":"0px 0px 0px 0px","marginmobile":"0px 0px 0px 0px"}},"657ee605-8f03-4dfa-9154-9041b243933b":{"type":"rich-text","blocks":{"de9568dd-fc6b-4ce1-a683-dccb82060301":{"type":"sub_title","settings":{"subtitle":"Chic and Comfortable"}},"99137f85-5414-4740-9a5f-ce713d28fb0a":{"type":"heading","settings":{"title":"Style Meets Comfort in Every Outfit","size_text":"h2"}},"abdb00d6-2be3-4c85-83f6-0e1dfdbc712b":{"type":"paragraph","settings":{"subtext":"<p>Chic doesn’t have to compromise comfort.<\/p>\n<div class=\"small\">\nEmbrace style that feels as good as it looks. Our collection prioritizes.\n<\/div>"}}},"block_order":["de9568dd-fc6b-4ce1-a683-dccb82060301","99137f85-5414-4740-9a5f-ce713d28fb0a","abdb00d6-2be3-4c85-83f6-0e1dfdbc712b"],"settings":{"animation":"fade-up","setwidth":"container","bgsection":"#f4efe9","title_top":"","title":"","text":"","align-heading":"center","paddingsection":"40px 0px 40px 0px","paddingmobile":"40px 0px 40px 0px","marginsection":"0px 0px 0px 0px","marginmobile":"0px 0px 0px 0px"}},"9e2a0b0c-ab2a-48f8-a552-99bc69cfc615":{"type":"product-tab","blocks":{"template--18049703772478__9e2a0b0c-ab2a-48f8-a552-99bc69cfc615-16774820468aa6c7f4-1":{"type":"collection","settings":{"title":"Clay Craft","collection":"clay-craft"}},"template--18049703772478__9e2a0b0c-ab2a-48f8-a552-99bc69cfc615-16774820468aa6c7f4-2":{"type":"collection","settings":{"title":"Harbor","collection":"heritage-harbor"}},"template--18049703772478__9e2a0b0c-ab2a-48f8-a552-99bc69cfc615-16774820468aa6c7f4-0":{"type":"collection","settings":{"title":"Trending","collection":"sculptural"}}},"block_order":["template--18049703772478__9e2a0b0c-ab2a-48f8-a552-99bc69cfc615-16774820468aa6c7f4-1","template--18049703772478__9e2a0b0c-ab2a-48f8-a552-99bc69cfc615-16774820468aa6c7f4-2","template--18049703772478__9e2a0b0c-ab2a-48f8-a552-99bc69cfc615-16774820468aa6c7f4-0"],"settings":{"animation":"fade-up","setwidth":"container","bgsection":"#ffffff","title_top":"","title":"Timeless Elegance, Modern Twist","des":"Experience the perfect blend of timeless elegance and modern flair.","align-heading":"center","style_tab":"line-right","enable_carousel":true,"arrows":false,"draggable":true,"dots":true,"infinite":true,"rows":"1","spaceBetween":30,"limit":4,"show":4,"paddingsection":"80px 0px 40px 0px","paddingmobile":"40px 0px 40px 0px","marginsection":"0px 0px 0px 0px","marginmobile":"0px 0px 0px 0px"}},"7668b93c-0a5c-4904-a558-238b0cb39db0":{"type":"image-content","blocks":{"template--18049703772478__7668b93c-0a5c-4904-a558-238b0cb39db0-16774828189e609923-0":{"type":"image_block","settings":{"image":"shopify:\/\/shop_images\/product-18_eedc2f43-c0d9-4219-8cee-9faca9007839.jpg"}},"template--18049703772478__7668b93c-0a5c-4904-a558-238b0cb39db0-16774828189e609923-1":{"type":"text_block","settings":{"width":"100%","bgtext":"#f4efe9","title_color":"rgba(0,0,0,0)","subtitle":"Fashion Forward Fitness","title":"Timeless Pieces for Every Occasion","size_text":"h2","text":"<p>Build a wardrobe that speaks volumes. Explore our collection of timeless essentials, perfect for every occasion. From casual chic to formal elegance.<\/p>","answer_content":"","style_btn":"btn-theme","button":"discover now","link":"shopify:\/\/collections\/women","enable_padding":true,"align":"center"}}},"block_order":["template--18049703772478__7668b93c-0a5c-4904-a558-238b0cb39db0-16774828189e609923-0","template--18049703772478__7668b93c-0a5c-4904-a558-238b0cb39db0-16774828189e609923-1"],"settings":{"animation":"fade-up","setwidth":"container","bgsection":"#ffffff","rangebg":100,"bgbefore":"#ec756f","bg_pos":"left","enable_padding":false,"align_center":true,"paddingsection":"80px 0px 80px 0px","paddingmobile":"40px 0px 40px 0px","marginsection":"0px 0px 0px 0px","marginmobile":"0px 0px 0px 0px"}},"e5f21d0c-5b55-42c1-852f-1c63b9238d75":{"type":"featured-collections-5","blocks":{"template--18049703772478__e5f21d0c-5b55-42c1-852f-1c63b9238d75-16774833760050901e-2":{"type":"collection","settings":{"collection":"clay-craft","color":"#ffffff","enable_gradient":false,"bg_overlay":"#222222","opacity_overlay":0.2}},"template--18049703772478__e5f21d0c-5b55-42c1-852f-1c63b9238d75-16774833760050901e-0":{"type":"collection","settings":{"collection":"elemental-edge","color":"#ffffff","enable_gradient":false,"bg_overlay":"#222222","opacity_overlay":0.1}},"template--18049703772478__e5f21d0c-5b55-42c1-852f-1c63b9238d75-16774833760050901e-1":{"type":"collection","settings":{"collection":"heritage-harbor","color":"#ffffff","enable_gradient":false,"bg_overlay":"#222222","opacity_overlay":0.2}}},"block_order":["template--18049703772478__e5f21d0c-5b55-42c1-852f-1c63b9238d75-16774833760050901e-2","template--18049703772478__e5f21d0c-5b55-42c1-852f-1c63b9238d75-16774833760050901e-0","template--18049703772478__e5f21d0c-5b55-42c1-852f-1c63b9238d75-16774833760050901e-1"],"settings":{"animation":"fade-up","setwidth":"container","bgsection":"#ffffff","title_top":"EXPLORE","title":"Our Collections","des":"","align-heading":"center","layout":"collage","col":"col-lg-6","enable_padding":true,"size_image_col":"auto","size_title":"h4","paddingsection":"80px 0px 80px 0px","paddingmobile":"40px 0px 40px 0px","marginsection":"0px 0px 0px 0px","marginmobile":"0px 0px 0px 0px"}},"74fe352f-6863-4784-8564-2ac78bc05b82":{"type":"product-list-swiper","settings":{"animation":"fade-up","setwidth":"container","bgsection":"#ffffff","title_top":"","title":"Best Seller","des":"Discover Wellness in a Tropical Yoga Paradise","align-heading":"center","collection":"sculptural","limit":10,"perviewDesktop":4,"spaceBetween":30,"nowrap":true,"arrows":true,"scrollbar":true,"paddingsection":"0px 0px 80px 0px","paddingmobile":"40px 0px 40px 0px","marginsection":"0px 0px 0px 0px","marginmobile":"0px 0px 0px 0px"}},"52306f51-7f29-4002-bf5d-1f61555d188c":{"type":"grid-banner-2","blocks":{"template--18049703772478__52306f51-7f29-4002-bf5d-1f61555d188c-1677484273c4fc2de7-0":{"type":"banner","settings":{"paddingblock":"0px 0px 0px 0px","bg_image":"","border_banner":"rgba(0,0,0,0)","bg_banner":"rgba(0,0,0,0)","opbg_banner":0.4,"image":"shopify:\/\/shop_images\/filler6.jpg","width":"4","description":"<h4 class=\"mb-2\">Wardrobe Essentials<\/h4><p>Timeless Pieces for Every Occasion<\/p>","button_text":"View more","button_link":"","style_btn":"btn-underline","reverse":"flex-column","text_align":"left"}},"template--18049703772478__52306f51-7f29-4002-bf5d-1f61555d188c-1677484273c4fc2de7-1":{"type":"banner","settings":{"paddingblock":"0px 0px 0px 0px","bg_image":"","border_banner":"rgba(0,0,0,0)","bg_banner":"rgba(0,0,0,0)","opbg_banner":0.4,"image":"shopify:\/\/shop_images\/filler8.jpg","width":"4","description":"<h4 class=\"mb-2\">Fashion Forward Fitness<\/h4><p>Activewear that Moves with You<\/p>","button_text":"View more","button_link":"","style_btn":"btn-underline","reverse":"flex-column","text_align":"left"}},"9c663f54-2394-41be-84c2-e0b65b7fe43f":{"type":"banner","settings":{"paddingblock":"0px 0px 0px 0px","bg_image":"","border_banner":"rgba(0,0,0,0)","bg_banner":"rgba(0,0,0,0)","opbg_banner":0.4,"image":"shopify:\/\/shop_images\/filler7.jpg","width":"4","description":"<h4 class=\"mb-2\">Seasonal Splendor<\/h4><p>Fall in Love with Autumn Fashion<\/p>","button_text":"View more","button_link":"","style_btn":"btn-underline","reverse":"flex-column","text_align":"left"}}},"block_order":["template--18049703772478__52306f51-7f29-4002-bf5d-1f61555d188c-1677484273c4fc2de7-0","template--18049703772478__52306f51-7f29-4002-bf5d-1f61555d188c-1677484273c4fc2de7-1","9c663f54-2394-41be-84c2-e0b65b7fe43f"],"settings":{"animation":"fade-up","setwidth":"container","bgsection":"#ffffff","title_top":"","title":"Featured Picks of the Week","des":"Indulge in our carefully curated selection of the week's finest.","align-heading":"center","no_gutter":false,"paddingsection":"0px 0px 60px 0px","paddingmobile":"40px 0px 40px 0px","marginsection":"0px 0px 0px 0px","marginmobile":"0px 0px 0px 0px"}}},"order":["main","bfc70ef2-4d5d-44da-8cd0-774a9b817f64","36bd0f53-2e60-4387-a0a2-2f7fee7ce646","657ee605-8f03-4dfa-9154-9041b243933b","9e2a0b0c-ab2a-48f8-a552-99bc69cfc615","7668b93c-0a5c-4904-a558-238b0cb39db0","e5f21d0c-5b55-42c1-852f-1c63b9238d75","74fe352f-6863-4784-8564-2ac78bc05b82","52306f51-7f29-4002-bf5d-1f61555d188c"]}