{"sections":{"main":{"type":"main-page","settings":{}},"bfc70ef2-4d5d-44da-8cd0-774a9b817f64":{"type":"parallax-banner","blocks":{"template--18049703772478__bfc70ef2-4d5d-44da-8cd0-774a9b817f64-16774805461c3b0f88-0":{"type":"sub_title","settings":{"subtitle":"ss '23 Collection"}},"template--18049703772478__bfc70ef2-4d5d-44da-8cd0-774a9b817f64-16774805461c3b0f88-1":{"type":"heading","settings":{"title":"Minimum Fashion","size_text":"h1"}},"template--18049703772478__bfc70ef2-4d5d-44da-8cd0-774a9b817f64-16774805461c3b0f88-2":{"type":"paragraph","settings":{"subtext":"This lookbook explores the pieces you’ll find in <br>our collection right now"}}},"block_order":["template--18049703772478__bfc70ef2-4d5d-44da-8cd0-774a9b817f64-16774805461c3b0f88-0","template--18049703772478__bfc70ef2-4d5d-44da-8cd0-774a9b817f64-16774805461c3b0f88-1","template--18049703772478__bfc70ef2-4d5d-44da-8cd0-774a9b817f64-16774805461c3b0f88-2"],"settings":{"animation":"fade","setwidth":"full","bgsection":"#ffffff","parrallax_enable":true,"image":"shopify:\/\/shop_images\/Mask_group_2.png","height_section":"650","height_section_mobile":"450","align":"center","position_text":"mid-center","bg_box":"#ffffff","opacity_bgbox":0,"title_color":"#ffffff","bg_overlay":"#000000","gradient_bg":"","opacity_bg_overlay":0.4,"paddingsection":"0px 0px 0px 0px","marginsection":"0px 0px 0px 0px"}},"1acb18f9-947f-417a-af62-5ae719a92e75":{"type":"scrolling-text","blocks":{"template--18054171164990__1acb18f9-947f-417a-af62-5ae719a92e75-1677516015a2874a88-0":{"type":"item","settings":{"code":"Decadent Looks 20% Off"}},"6c941bd2-feff-467c-a408-ac910ee82766":{"type":"item","settings":{"code":"Free Shipping. Free Exchanges. Free Returns."}}},"block_order":["template--18054171164990__1acb18f9-947f-417a-af62-5ae719a92e75-1677516015a2874a88-0","6c941bd2-feff-467c-a408-ac910ee82766"],"settings":{"animation":"","size_text":"h5","text_style":"solid","size_icon":24,"speed":10,"scroll_type":"from-right","background":"#f5a478","gradient_bg":"","text":"#0d1121","paddingsection":"20px 0px 20px 0px","paddingmobile":"40px 0px 0px 0px","marginsection":"0px 0px 0px 0px","marginmobile":"0px 0px 0px 0px"}},"36bd0f53-2e60-4387-a0a2-2f7fee7ce646":{"type":"grid-banner-2","blocks":{"template--18049703772478__36bd0f53-2e60-4387-a0a2-2f7fee7ce646-1677481737180c98cd-0":{"type":"banner","settings":{"paddingblock":"0px 0px 0px 0px","bg_image":"","border_banner":"rgba(0,0,0,0)","bg_banner":"rgba(0,0,0,0)","opbg_banner":0.4,"image":"shopify:\/\/shop_images\/17_2.jpg","width":"6","description":"<h3 class=\"mb-2\">Great Sanctuary<\/h3><p>Olivia wears the Bea Blazer Dress in Black<\/p>","button_text":"shop now","button_link":"","style_btn":"btn-underline","reverse":"flex-column","text_align":"center"}},"template--18049703772478__36bd0f53-2e60-4387-a0a2-2f7fee7ce646-1677481737180c98cd-1":{"type":"banner","settings":{"paddingblock":"0px 0px 0px 0px","bg_image":"","border_banner":"rgba(0,0,0,0)","bg_banner":"rgba(0,0,0,0)","opbg_banner":0.4,"image":"shopify:\/\/shop_images\/14_3.jpg","width":"6","description":"<h3 class=\"mb-2\">Knit Wear<\/h3><p>Lorem ipsum dolor sit amet<\/p>","button_text":"Shop now","button_link":"","style_btn":"btn-underline","reverse":"flex-column","text_align":"center"}}},"block_order":["template--18049703772478__36bd0f53-2e60-4387-a0a2-2f7fee7ce646-1677481737180c98cd-0","template--18049703772478__36bd0f53-2e60-4387-a0a2-2f7fee7ce646-1677481737180c98cd-1"],"settings":{"animation":"fade-up","setwidth":"container","bgsection":"#ffffff","title_top":"","title":"Fresh silhouettes","des":"Here are some of the best Lola pieces for a new take on dressing. Styled correctly, <br>these dresses can be worn in all seasons.","align-heading":"center","no_gutter":false,"paddingsection":"80px 0px 80px 0px","paddingmobile":"40px 0px 40px 0px","marginsection":"0px 0px 0px 0px","marginmobile":"0px 0px 0px 0px"}},"657ee605-8f03-4dfa-9154-9041b243933b":{"type":"rich-text","blocks":{"de9568dd-fc6b-4ce1-a683-dccb82060301":{"type":"sub_title","settings":{"subtitle":"<span class=\"txt-heading\">Promotion<\/span>"}},"99137f85-5414-4740-9a5f-ce713d28fb0a":{"type":"heading","settings":{"title":"UP TO 35% OFF  FOR MEN'S COLLECTIONS","size_text":"h2"}},"abdb00d6-2be3-4c85-83f6-0e1dfdbc712b":{"type":"paragraph","settings":{"subtext":"<p>Surprise discount, unlocked <\/p>\n<div class=\"small\">\nLimited time only. Selected styles marked down as shown.\n<\/div>"}}},"block_order":["de9568dd-fc6b-4ce1-a683-dccb82060301","99137f85-5414-4740-9a5f-ce713d28fb0a","abdb00d6-2be3-4c85-83f6-0e1dfdbc712b"],"settings":{"animation":"fade-up","setwidth":"container","bgsection":"#f5a478","title_top":"","title":"","text":"","align-heading":"center","paddingsection":"40px 0px 30px 0px","paddingmobile":"40px 0px 40px 0px","marginsection":"0px 0px 0px 0px","marginmobile":"0px 0px 0px 0px"}},"70e28503-a6af-4ab0-8360-56535dd5e57f":{"type":"shop-the-look","blocks":{"template--18054171164990__70e28503-a6af-4ab0-8360-56535dd5e57f-1677520239f25898d1-0":{"type":"product_block","settings":{"product_item":"terracotta-planter-with-drainage-hole","left":74,"top":39,"dot_color":"#ffffff"}},"template--18054171164990__70e28503-a6af-4ab0-8360-56535dd5e57f-1677520239f25898d1-1":{"type":"product_block","settings":{"product_item":"glazed-ceramic-salt-and-pepper-shakers","left":53,"top":50,"dot_color":"#f5a478"}}},"block_order":["template--18054171164990__70e28503-a6af-4ab0-8360-56535dd5e57f-1677520239f25898d1-0","template--18054171164990__70e28503-a6af-4ab0-8360-56535dd5e57f-1677520239f25898d1-1"],"settings":{"animation":"","setwidth":"container","bgsection":"#ffffff","image":"shopify:\/\/shop_images\/1_2.jpg","enable_right":false,"title_top":"ss 2023","title":"Shop the look","des":"","arrows":false,"draggable":true,"dots":true,"infinite":true,"paddingsection":"110px 0px 0px 0px","paddingmobile":"40px 0px 40px 0px","marginsection":"0px 0px 0px 0px","marginmobile":"0px 0px 0px 0px"}},"9e2a0b0c-ab2a-48f8-a552-99bc69cfc615":{"type":"product-tab","blocks":{"template--18049703772478__9e2a0b0c-ab2a-48f8-a552-99bc69cfc615-16774820468aa6c7f4-0":{"type":"collection","settings":{"title":"Trending","collection":"basket-storage"}},"template--18049703772478__9e2a0b0c-ab2a-48f8-a552-99bc69cfc615-16774820468aa6c7f4-1":{"type":"collection","settings":{"title":"Model","collection":"drying"}},"template--18049703772478__9e2a0b0c-ab2a-48f8-a552-99bc69cfc615-16774820468aa6c7f4-2":{"type":"collection","settings":{"title":"Best Seller","collection":"lighting"}}},"block_order":["template--18049703772478__9e2a0b0c-ab2a-48f8-a552-99bc69cfc615-16774820468aa6c7f4-0","template--18049703772478__9e2a0b0c-ab2a-48f8-a552-99bc69cfc615-16774820468aa6c7f4-1","template--18049703772478__9e2a0b0c-ab2a-48f8-a552-99bc69cfc615-16774820468aa6c7f4-2"],"settings":{"animation":"fade-up","setwidth":"container","bgsection":"#ffffff","title_top":"","title":"Mens Essentials","des":"The 2021 Collection is an answer to the real-world situation. Instead of escaping far away, we find <br> inspiration from the local treasures around us","align-heading":"center","style_tab":"line","enable_carousel":true,"arrows":false,"draggable":true,"dots":true,"infinite":true,"rows":"1","spaceBetween":30,"limit":4,"show":4,"paddingsection":"80px 0px 40px 0px","paddingmobile":"40px 0px 40px 0px","marginsection":"0px 0px 0px 0px","marginmobile":"0px 0px 0px 0px"}},"7668b93c-0a5c-4904-a558-238b0cb39db0":{"type":"image-content","blocks":{"template--18049703772478__7668b93c-0a5c-4904-a558-238b0cb39db0-16774828189e609923-1":{"type":"text_block","settings":{"width":"100%","bgtext":"#f4efe9","title_color":"rgba(0,0,0,0)","subtitle":"SUMMER 23'","title":"Limited Edition","size_text":"h2","text":"<p>Pair large text with an image to give focus to your chosen product, collection, or blog post. Add details on availability, style, or even provide a review.<\/p>","answer_content":"","style_btn":"btn-theme","button":"discover now","link":"shopify:\/\/collections\/women","enable_padding":true,"align":"center"}},"template--18049703772478__7668b93c-0a5c-4904-a558-238b0cb39db0-16774828189e609923-0":{"type":"image_block","settings":{"image":"shopify:\/\/shop_images\/14_3.jpg"}}},"block_order":["template--18049703772478__7668b93c-0a5c-4904-a558-238b0cb39db0-16774828189e609923-1","template--18049703772478__7668b93c-0a5c-4904-a558-238b0cb39db0-16774828189e609923-0"],"settings":{"animation":"fade-up","setwidth":"container","bgsection":"#ffffff","rangebg":100,"bgbefore":"#e6d3bf","bg_pos":"left","enable_padding":false,"align_center":true,"paddingsection":"80px 0px 80px 0px","paddingmobile":"40px 0px 40px 0px","marginsection":"0px 0px 0px 0px","marginmobile":"0px 0px 0px 0px"}},"e5f21d0c-5b55-42c1-852f-1c63b9238d75":{"type":"featured-collections-5","blocks":{"template--18049703772478__e5f21d0c-5b55-42c1-852f-1c63b9238d75-16774833760050901e-2":{"type":"collection","settings":{"collection":"decorative-trays","color":"#ffffff","enable_gradient":false,"bg_overlay":"#222222","opacity_overlay":0.4}},"template--18049703772478__e5f21d0c-5b55-42c1-852f-1c63b9238d75-16774833760050901e-0":{"type":"collection","settings":{"collection":"quality","color":"#ffffff","enable_gradient":false,"bg_overlay":"#222222","opacity_overlay":0.4}},"template--18049703772478__e5f21d0c-5b55-42c1-852f-1c63b9238d75-16774833760050901e-1":{"type":"collection","settings":{"collection":"home-decor","color":"#ffffff","enable_gradient":false,"bg_overlay":"#222222","opacity_overlay":0.4}}},"block_order":["template--18049703772478__e5f21d0c-5b55-42c1-852f-1c63b9238d75-16774833760050901e-2","template--18049703772478__e5f21d0c-5b55-42c1-852f-1c63b9238d75-16774833760050901e-0","template--18049703772478__e5f21d0c-5b55-42c1-852f-1c63b9238d75-16774833760050901e-1"],"settings":{"animation":"fade-up","setwidth":"container","bgsection":"#ffffff","title_top":"EXPLORE","title":"Our Collections","des":"","align-heading":"center","layout":"collage","col":"col-lg-6","enable_padding":true,"size_image_col":"auto","size_title":"h4","paddingsection":"80px 0px 80px 0px","paddingmobile":"40px 0px 40px 0px","marginsection":"0px 0px 0px 0px","marginmobile":"0px 0px 0px 0px"}},"74fe352f-6863-4784-8564-2ac78bc05b82":{"type":"product-list-swiper","settings":{"animation":"fade-up","setwidth":"container","bgsection":"#ffffff","title_top":"","title":"Best Seller","des":"Resulting in a collection of relaxed silhouettes and a calm, soothing color palette.","align-heading":"center","collection":"home-decor","limit":10,"perviewDesktop":4,"spaceBetween":30,"nowrap":true,"arrows":true,"scrollbar":true,"paddingsection":"0px 0px 80px 0px","paddingmobile":"40px 0px 40px 0px","marginsection":"0px 0px 0px 0px","marginmobile":"0px 0px 0px 0px"}},"52306f51-7f29-4002-bf5d-1f61555d188c":{"type":"grid-banner-2","blocks":{"template--18049703772478__52306f51-7f29-4002-bf5d-1f61555d188c-1677484273c4fc2de7-0":{"type":"banner","settings":{"paddingblock":"0px 0px 0px 0px","bg_image":"","border_banner":"rgba(0,0,0,0)","bg_banner":"rgba(0,0,0,0)","opbg_banner":0.4,"image":"shopify:\/\/shop_images\/14_2.jpg","width":"4","description":"<h4 class=\"mb-2\">Plazada <\/h4><p>Forever a Milan Fashion Week favorite<\/p>","button_text":"View more","button_link":"","style_btn":"btn-underline","reverse":"flex-column","text_align":"left"}},"template--18049703772478__52306f51-7f29-4002-bf5d-1f61555d188c-1677484273c4fc2de7-1":{"type":"banner","settings":{"paddingblock":"0px 0px 0px 0px","bg_image":"","border_banner":"rgba(0,0,0,0)","bg_banner":"rgba(0,0,0,0)","opbg_banner":0.4,"image":"shopify:\/\/shop_images\/12_2.jpg","width":"4","description":"<h4 class=\"mb-2\">Fashion Icon <\/h4><p>New arrivals from fashion’s biggest names<\/p>","button_text":"View more","button_link":"","style_btn":"btn-underline","reverse":"flex-column","text_align":"left"}},"9c663f54-2394-41be-84c2-e0b65b7fe43f":{"type":"banner","settings":{"paddingblock":"0px 0px 0px 0px","bg_image":"","border_banner":"rgba(0,0,0,0)","bg_banner":"rgba(0,0,0,0)","opbg_banner":0.4,"image":"shopify:\/\/shop_images\/13_2.jpg","width":"4","description":"<h4 class=\"mb-2\">Gabana<\/h4><p>It’s time to live la Dolce Vita<\/p>","button_text":"View more","button_link":"","style_btn":"btn-underline","reverse":"flex-column","text_align":"left"}}},"block_order":["template--18049703772478__52306f51-7f29-4002-bf5d-1f61555d188c-1677484273c4fc2de7-0","template--18049703772478__52306f51-7f29-4002-bf5d-1f61555d188c-1677484273c4fc2de7-1","9c663f54-2394-41be-84c2-e0b65b7fe43f"],"settings":{"animation":"fade-up","setwidth":"container","bgsection":"#ffffff","title_top":"","title":"This week’s highlights","des":"High-octane glamour underpinned by hard-edged details — the label’s latest collection has a powerful new energy","align-heading":"center","no_gutter":false,"paddingsection":"0px 0px 60px 0px","paddingmobile":"40px 0px 40px 0px","marginsection":"0px 0px 0px 0px","marginmobile":"0px 0px 0px 0px"}},"14f41957-6237-4fb8-856b-466ec72fc702":{"type":"line","settings":{"animation":"","paddingsection":"0px 0px 0px 0px","marginsection":"0px 0px 0px 0px","bgsection":"#ffffff","setwidth":"container","bgborder":"#dddddd","wborder":"1px"}},"4a37469d-8b46-423e-a19f-d1a7859e5dc5":{"type":"service","blocks":{"template--18054171164990__4a37469d-8b46-423e-a19f-d1a7859e5dc5-16775220039810dca7-0":{"type":"service","settings":{"bgblock":"#ffffff","title":"Free shipping","description":"On orders above €65","icon":"<svg xmlns=\"http:\/\/www.w3.org\/2000\/svg\" id=\"Layer_1\" data-name=\"Layer 1\" viewbox=\"0 0 165.33 152.67\"><defs><style>.cls-1{fill:#1d1d1b;}<\/style><\/defs><title>Artboard 1<\/title>\n<path class=\"cls-1\" d=\"M165.17,32.34l-1.48-.67L83.59,0H81.75L1.64,31.67l-1.47.67v88L1.8,122.7l80,29.64.87.33.86-.33,80-29.64,1.64-2.35v-88ZM82.67,61,9.6,33.89,46.32,19.38l72.73,28.1ZM82.67,5l73.06,28.88L125.78,45l.09-.23L53.18,16.67ZM5.17,37.62l75,27.75v81l-75-27.79Zm80,108.78v-81l75-27.75v81Z\"><\/path><\/svg>"}},"template--18054171164990__4a37469d-8b46-423e-a19f-d1a7859e5dc5-16775220039810dca7-1":{"type":"service","settings":{"bgblock":"#ffffff","title":"Free Delivery","description":"Delivery 2-5 days","icon":"<svg xmlns=\"http:\/\/www.w3.org\/2000\/svg\" id=\"Layer_1\" data-name=\"Layer 1\" viewbox=\"0 0 142.58 153.62\"><defs><style>.cls-1{fill:#1d1d1b;}<\/style><\/defs><title>Artboard 3<\/title>\n<path class=\"cls-1\" d=\"M71.4,11.26a71.18,71.18,0,1,0,71.18,71.18A71.26,71.26,0,0,0,71.4,11.26Zm0,136.22a65,65,0,1,1,65-65A65.11,65.11,0,0,1,71.4,147.48Z\"><\/path><polygon class=\"cls-1\" points=\"74.47 31.52 68.33 31.52 68.33 82.44 70.02 85.18 107.14 103.85 109.9 98.36 74.47 80.55 74.47 31.52\"><\/polygon><rect class=\"cls-1\" x=\"62.04\" width=\"18.72\" height=\"6.14\"><\/rect><rect class=\"cls-1\" x=\"126.04\" y=\"18.07\" width=\"6.14\" height=\"18.72\" transform=\"translate(18.42 99.33) rotate(-45)\"><\/rect><\/svg>"}},"template--18054171164990__4a37469d-8b46-423e-a19f-d1a7859e5dc5-16775220039810dca7-2":{"type":"service","settings":{"bgblock":"#ffffff","title":"Free Return","description":"Free returns for 30 days","icon":"<svg xmlns=\"http:\/\/www.w3.org\/2000\/svg\" id=\"Layer_1\" data-name=\"Layer 1\" viewbox=\"0 0 129.59 135.87\"><defs><style>.cls-1{fill:#1d1d1b;}<\/style><\/defs><title>Artboard 2<\/title>\n<path class=\"cls-1\" d=\"M72.63,22H11.15L29.07,4,25,0,.24,24.8,25,49.59l4-4L11.15,27.65H72.63a51.27,51.27,0,0,1,0,102.54h-31v5.68h31A57,57,0,0,0,72.63,22Z\"><\/path><\/svg>"}}},"block_order":["template--18054171164990__4a37469d-8b46-423e-a19f-d1a7859e5dc5-16775220039810dca7-0","template--18054171164990__4a37469d-8b46-423e-a19f-d1a7859e5dc5-16775220039810dca7-1","template--18054171164990__4a37469d-8b46-423e-a19f-d1a7859e5dc5-16775220039810dca7-2"],"settings":{"animation":"","setwidth":"container","bgsection":"#ffffff","title_top":"","title":"","des":"","align-heading":"center","rows":"1","show":3,"paddingbox":"0px 0px 0px 0px","iconcolor":"#222222","titlecolor":"#222222","subcolor":"#999999","color_border":"rgba(0,0,0,0)","size":48,"service_heading":"h5","layout":"style-1","enable_carousel":false,"arrows":false,"draggable":true,"dots":true,"infinite":true,"paddingsection":"80px 0px 80px 0px","paddingmobile":"40px 0px 20px 0px","marginsection":"0px 0px 0px 0px","marginmobile":"0px 0px 0px 0px"}}},"order":["main","bfc70ef2-4d5d-44da-8cd0-774a9b817f64","1acb18f9-947f-417a-af62-5ae719a92e75","36bd0f53-2e60-4387-a0a2-2f7fee7ce646","657ee605-8f03-4dfa-9154-9041b243933b","70e28503-a6af-4ab0-8360-56535dd5e57f","9e2a0b0c-ab2a-48f8-a552-99bc69cfc615","7668b93c-0a5c-4904-a558-238b0cb39db0","e5f21d0c-5b55-42c1-852f-1c63b9238d75","74fe352f-6863-4784-8564-2ac78bc05b82","52306f51-7f29-4002-bf5d-1f61555d188c","14f41957-6237-4fb8-856b-466ec72fc702","4a37469d-8b46-423e-a19f-d1a7859e5dc5"]}