{"sections":{"main":{"type":"page-brands","blocks":{"1562225793110":{"type":"character","settings":{"title":"a","linklist":"brand-a"}},"1562225801379":{"type":"character","settings":{"title":"b","linklist":"brand-b"}},"1562225804072":{"type":"character","settings":{"title":"c","linklist":"brand-c"}},"1562225817854":{"type":"character","settings":{"title":"d","linklist":"brand-d"}},"1562663878669":{"type":"character","settings":{"title":"e","linklist":"brand-e"}},"1562664116930":{"type":"character","settings":{"title":"g","linklist":"brand-g"}},"1562664124153":{"type":"character","settings":{"title":"j","linklist":"brand-j"}},"1562665381910":{"type":"character","settings":{"title":"l","linklist":"brand-l"}},"1562665389578":{"type":"character","settings":{"title":"m","linklist":"brand-m"}},"1562665401917":{"type":"character","settings":{"title":"s","linklist":"brand-s"}},"1562665407951":{"type":"character","settings":{"title":"t","linklist":"brand-t"}},"1562665414164":{"type":"character","settings":{"title":"v","linklist":"brand-v"}},"1562665421157":{"type":"character","settings":{"title":"w","linklist":"brand-w"}},"1562665426534":{"type":"character","settings":{"title":"z","linklist":"brand-z"}}},"block_order":["1562225793110","1562225801379","1562225804072","1562225817854","1562663878669","1562664116930","1562664124153","1562665381910","1562665389578","1562665401917","1562665407951","1562665414164","1562665421157","1562665426534"],"settings":{"animation":"","setwidth":"container","bgsection":"","title_top":"","title":"Featured Brands","des":"Promotions, new products and sales. Directly to your inbox.","paddingsection":"40px 0px 70px 0px","paddingmobile":"40px 0px 40px 0px","marginsection":"0px 0px 0px 0px","marginmobile":"0px 0px 0px 0px"}}},"order":["main"]}