{"sections":{"main":{"type":"main-page","settings":{}},"16402476915bccc6a7":{"type":"backgroundvideo","blocks":{"51d3f50d-bcba-402f-95d5-20214fb273d7":{"type":"sub_title","settings":{"subtitle":"MINIMALISTIC"}},"af48e0ff-444a-4c43-9139-a13191c919b0":{"type":"heading","settings":{"title":"From source to style","size_text":"h1"}},"33a4eb27-4abf-4e2e-b005-11c1ac777408":{"type":"paragraph","settings":{"subtext":"The ideal fit for every woman."}}},"block_order":["51d3f50d-bcba-402f-95d5-20214fb273d7","af48e0ff-444a-4c43-9139-a13191c919b0","33a4eb27-4abf-4e2e-b005-11c1ac777408"],"settings":{"animation":"fade-up","setwidth":"full","height_section":"550px","height_section_mobile":"450px","align":"center","position_text":"mid-center","link_video":"https:\/\/cdn.shopify.com\/videos\/c\/o\/v\/ab409070965c42d79351d4bd193e2250.mp4","bgsection":"#ffffff","bg_overlay":"#000000","gradient_bg":"","opacity_bg_overlay":0.4,"title_color":"#ffffff","bg_box":"#ffffff","opacity_bgbox":0,"marginsection":"0px 0px 0px 0px","marginmobile":"0px 0px 0px 0px"}},"1640249035c0b10739":{"type":"advanced-content","blocks":{"164024903586eb0f34-0":{"type":"html","settings":{"width":"50%","title":"","color_title":"#000000","sub":"","color_sub":"#000000","code":"<h4 class=\"font-family-2 text-center\">As a modern sexual wellness company built on quality, simplicity and inclusivity, we’re on a mission to make intimacy better—for all people.<\/h4>","color_des":"#000000","button_text":"Button text","link_button":"","align":"auto","box_align":"center","text_align":"center"}}},"block_order":["164024903586eb0f34-0"],"settings":{"animation":"fade-up","setwidth":"container","padding_custom":15,"text_color":"rgba(0,0,0,0)","bgsection":"#f5f1ec","rangebg":0,"bgbefore":"rgba(0,0,0,0)","e_size":"auto","e_repeat":"no-repeat","e_position":"center center","zindex":"0","title_top":"","title":"","des":"","align-heading":"center","padding":true,"col_center":true,"paddingsection":"80px 0px 80px 0px","paddingmobile":"60px 0px 60px 0px","marginsection":"0px 0px 0px 0px","marginmobile":"0px 0px 0px 0px"}},"1640249067965cb02d":{"type":"advanced-content","blocks":{"0da5935f-bcb4-4f38-96d4-78e0ec3b4a0c":{"type":"image","settings":{"width":"50%","align":"auto","image":"shopify:\/\/shop_images\/14_3.jpg","width_image":100,"image_link":"","enable_top":false,"code":"","padding-left":false,"padding-right":false}},"1640249067277694fd-0":{"type":"html","settings":{"width":"50%","title":"","color_title":"#000000","sub":"","color_sub":"#000000","code":"<div class=\"pl-lg-5 text-center\">\n<span class=\"subtop\">OUR MISSION<\/span>\n<h2 class=\"mt-3 mb-4\">We pride<br> Ourselves<\/h2>\n<p class=\"mb-5\">\nSome call Aarhus the world’s largest provincial town – we just call it home. At our spacious and industrial head quarter on the harbor we currently employ 50+ ambitious doers on a mission to form a healthy workspace and maintain and develop a strong business.\n<\/p>\n<a class=\"btn btn-theme\" href=\"#\"> Read more<\/a>\n<\/div>","color_des":"#000000","button_text":"","link_button":"","align":"center","box_align":"center","text_align":"center"}}},"block_order":["0da5935f-bcb4-4f38-96d4-78e0ec3b4a0c","1640249067277694fd-0"],"settings":{"animation":"fade-up","setwidth":"container","padding_custom":15,"text_color":"rgba(0,0,0,0)","bgsection":"#ffffff","rangebg":0,"bgbefore":"rgba(0,0,0,0)","e_size":"auto","e_repeat":"no-repeat","e_position":"center center","zindex":"0","title_top":"","title":"","des":"","align-heading":"center","padding":true,"col_center":false,"paddingsection":"120px 0px 120px 0px","paddingmobile":"60px 0px 60px 0px","marginsection":"0px 0px 0px 0px","marginmobile":"0px 0px 0px 0px"}},"1640249822349f58c7":{"type":"advanced-content","blocks":{"16402498223f426db3-0":{"type":"html","settings":{"width":"33%","title":"","color_title":"#000000","sub":"","color_sub":"#000000","code":"<div class=\"text-center mt-5  px-lg-5\" style=\"border-right: 1px solid rgba(255,255,255,0.2)\">\n<h3 class=\"mb-4\">Premium <br>Quality<\/h3>\n<p>This text can be used to share information about your brand with customers.<\/p>\n<div><\/div>\n<\/div>","color_des":"#000000","button_text":"Button text","link_button":"","align":"auto","box_align":"center","text_align":"center"}},"cc60faa4-f700-454c-b170-ae2148b201a2":{"type":"html","settings":{"width":"33%","title":"","color_title":"#000000","sub":"","color_sub":"#000000","code":"<div class=\"text-center mt-5  px-lg-5\" style=\"border-right: 1px solid rgba(255,255,255,0.2)\">\n<h3 class=\"mb-4\">Unparalleled <br>Prices<\/h3>\n<p>This text can be used to share information about your brand with customers.<\/p>\n<div><\/div>\n<\/div>","color_des":"#000000","button_text":"Button text","link_button":"","align":"auto","box_align":"center","text_align":"center"}},"7da3a34c-3ce6-4e1e-998b-755fa0b63af8":{"type":"html","settings":{"width":"33%","title":"","color_title":"#000000","sub":"","color_sub":"#000000","code":"<div class=\"text-center mt-5  px-lg-5\">\n<h3 class=\" mb-4\">From the<br> Source<\/h3>\n<p>Shopping on Italic means supporting a network of independent manufacturers<\/p>\n<div><\/div>\n<\/div>","color_des":"#000000","button_text":"Button text","link_button":"","align":"auto","box_align":"center","text_align":"center"}},"a554d5b0-2bec-4123-adf5-5bdbd0b24f0e":{"type":"html","disabled":true,"settings":{"width":"100%","title":"","color_title":"#000000","sub":"","color_sub":"#000000","code":"","color_des":"#000000","button_text":"","link_button":"","align":"auto","box_align":"center","text_align":"center"}}},"block_order":["16402498223f426db3-0","cc60faa4-f700-454c-b170-ae2148b201a2","7da3a34c-3ce6-4e1e-998b-755fa0b63af8","a554d5b0-2bec-4123-adf5-5bdbd0b24f0e"],"settings":{"animation":"fade-up","setwidth":"container","padding_custom":15,"text_color":"#000000","bgsection":"#fa8f58","rangebg":0,"bgbefore":"rgba(0,0,0,0)","e_size":"auto","e_repeat":"no-repeat","e_position":"center center","zindex":"0","title_top":"","title":"","des":"","align-heading":"center","padding":false,"col_center":false,"paddingsection":"40px 0px 80px 0px","paddingmobile":"60px 0px 60px 0px","marginsection":"0px 0px 0px 0px","marginmobile":"0px 0px 0px 0px"}},"70b7f2d2-4c12-4305-88bd-da89e2d18d5b":{"type":"quotes-special","blocks":{"template--14684877652053__70b7f2d2-4c12-4305-88bd-da89e2d18d5b-1665853262e19e6bf8-0":{"type":"quote","settings":{"title":"Wonderful !","quote":"<h4>“Absolutely loved it. The fit, the quality and the color. This is a slim fit jean like none other and the only one I will buy.”<\/h4>","rate":5,"author":"— Susan P.","info":"","avatar":"shopify:\/\/shop_images\/19_2.jpg"}},"template--14684877652053__70b7f2d2-4c12-4305-88bd-da89e2d18d5b-1665853262e19e6bf8-1":{"type":"quote","settings":{"title":"perfect !","quote":"<h4>“ The most comfortable shoes ever!! I have them in 3 colors. And I am not done. \"<\/h4>","rate":5,"author":"—  Jaycie Glove","info":"","avatar":"shopify:\/\/shop_images\/19_1.jpg"}},"template--14684877652053__70b7f2d2-4c12-4305-88bd-da89e2d18d5b-1665853262e19e6bf8-2":{"type":"quote","settings":{"title":"Awesome","quote":"<h4>\" I love Lola! They're one of my favorite brands. Customer service is excellent. I have only returned items once and it was so easy. \" <\/h4>","rate":5,"author":"—  Kai Felix","info":"","avatar":"shopify:\/\/shop_images\/17_2.jpg"}}},"block_order":["template--14684877652053__70b7f2d2-4c12-4305-88bd-da89e2d18d5b-1665853262e19e6bf8-0","template--14684877652053__70b7f2d2-4c12-4305-88bd-da89e2d18d5b-1665853262e19e6bf8-1","template--14684877652053__70b7f2d2-4c12-4305-88bd-da89e2d18d5b-1665853262e19e6bf8-2"],"settings":{"animation":"fade-up","setwidth":"container","bgsection":"#ffffff","title_top":"","title":"","des":"","align-heading":"center","color_rate":"#f1f1f1","color_rated":"#000000","arrows":true,"draggable":true,"dots":false,"infinite":true,"paddingsection":"100px 0px 100px 0px","paddingmobile":"40px 0px 40px 0px","marginsection":"0px 0px 0px 0px","marginmobile":"0px 0px 0px 0px"}},"164025010979f1d019":{"type":"advanced-content","blocks":{"30824ace-310b-4305-9e21-01a7cba35578":{"type":"image","settings":{"width":"50%","align":"auto","image":"shopify:\/\/shop_images\/14_3.jpg","width_image":100,"image_link":"","enable_top":false,"code":"","padding-left":false,"padding-right":false}},"16402501092f772dfb-0":{"type":"html","settings":{"width":"50%","title":"","color_title":"#000000","sub":"","color_sub":"#000000","code":"<div class=\"text-center \">\n<span class=\"subtop\">SUSTAINABILITY<\/span>\n<h2 class=\"my-3\">30+ Day <br>Guarantee<\/h2>\n<p class=\" \">We guarantee that every plant will arrive in good health, and all plants are guaranteed for 30 days after arrival. We take great pride in the care of our plants in our greenhouses as well as in the protective packaging we use to ship our plants.<\/p>\n<div class=\"text-center mt-5\">\n<a class=\"btn btn-theme\" href=\"#\"> Read more<\/a>\n<\/div>\n<\/div>","color_des":"#000000","button_text":"","link_button":"","align":"center","box_align":"center","text_align":"center"}}},"block_order":["30824ace-310b-4305-9e21-01a7cba35578","16402501092f772dfb-0"],"settings":{"animation":"fade-up","setwidth":"full","padding_custom":15,"text_color":"rgba(0,0,0,0)","bgsection":"#f7f7f7","rangebg":0,"bgbefore":"rgba(0,0,0,0)","e_size":"auto","e_repeat":"no-repeat","e_position":"center center","zindex":"0","title_top":"","title":"","des":"","align-heading":"center","padding":true,"col_center":false,"paddingsection":"0px 0px 100px 0px","paddingmobile":"0px 0px 60px 0px","marginsection":"0px 0px 0px 0px","marginmobile":"0px 0px 0px 0px"}}},"order":["main","16402476915bccc6a7","1640249035c0b10739","1640249067965cb02d","1640249822349f58c7","70b7f2d2-4c12-4305-88bd-da89e2d18d5b","164025010979f1d019"]}