{"sections":{"main":{"type":"product-template-3","blocks":{"ed72f237-4e8a-48f0-a50a-c4b96884bf64":{"type":"html","settings":{"setwidthcontent":"container","content_html":"<div class=\"pt-1\"><\/div>"}},"5de2f640-f34a-4e2e-9c07-965bf3cc2b83":{"type":"related-product","settings":{"setwidthcontent":"container","relate_products_title":"Related product","show":4,"arrows":true,"draggable":true,"dots":true}}},"block_order":["ed72f237-4e8a-48f0-a50a-c4b96884bf64","5de2f640-f34a-4e2e-9c07-965bf3cc2b83"],"settings":{"enable_hurrify":true,"stock_enable":true,"enable_payment_button":true,"social_sharing_products":true,"next_prev_enable":true,"product_vendor_enable":true,"product_type_enable":true,"variant_sku_enable":true,"variant_available_enable":true,"wailist":true,"product_selector":"select","sizeguide_enable":false,"sizeguide_title":"Size guide","sizeguide_page":"","fake_view_enable":true,"fake_view_min":12,"fake_view_max":30,"fake_view_duration":3,"fake_view_text_prefix":"Currently there are","fake_view_text_suffix":"peoples are currently looking at this product","gtab_des":"Description","gtab_review_enable":true,"gtab_review":"Review","positiontab":"right","enable_tabvertical":true,"stab_title1":"Specific tab 1","stab_title2":"Specific tab 2","stab_title3":"Specific tab 3","stab_title4":"Specific tab 4","enable":true,"mix_1":"#262626","mix_2":"#c0c0c0","text_cl":"#ffffff","cart_bg":"#008060","cart_cl":"#ffffff","cart_bg_hover":"#00b386","cart_cl_hover":"#ffffff"}}},"order":["main"]}