{"sections":{"main":{"type":"product-template-1","blocks":{"989bce2f-7961-4267-8e6c-40ff4bb0ed64":{"type":"title","settings":{"e_label":true}},"c5c11045-e3b5-47e4-80d1-25e86ec844cc":{"type":"price","settings":{}},"1affb493-1e14-4893-9876-be8d348ee475":{"type":"shortdesc","settings":{}},"ff32ea77-bcea-43d3-8e38-55894c9d938a":{"type":"separator","settings":{}},"8288910a-1ad6-47df-b127-118bc1d2ce24":{"type":"buttons","settings":{"enable_local_pickup":true,"enable_hurrify":true,"enable_payment_button":true,"waitlist":true,"product_selector":"radio","sw_color_product":true,"color_circle":true,"size_color":"small-38"}},"7120c076-9673-4f15-a579-5efa29fefb6f":{"type":"separator","settings":{}},"bf089f50-667c-4417-a84a-9478625741a1":{"type":"list-info","settings":{"product_vendor_enable":true,"product_type_enable":true,"variant_sku_enable":true,"variant_available_enable":false}},"11f6643a-6bb6-4db9-a512-9c0eefc8c3b8":{"type":"countdown","settings":{"title_heading":"🔥 Sale ends in !"}},"1431e891-e819-4fa1-8416-0cb3956f0e39":{"type":"description","settings":{"enable_tab":true,"title_tab":"Description"}},"2830007b-b9f5-4f33-86cf-680e0a91ca8d":{"type":"tabcustom","settings":{"title_tab":"Shipping information","icon":"none","answer_content":"","page":""}},"0a71f30d-dba2-4bca-a64d-c3cc2ed17e7d":{"type":"tabcustom","settings":{"title_tab":"Care Guide","icon":"none","answer_content":"<p>Regular<em>care<\/em>. Use a slightly damp, soft and lint-free cloth for regular dust removal. Always clean in the direction of the grain.<\/p>","page":""}},"8d4704f6-d81d-4390-9ec5-af58698bef51":{"type":"salepoint","settings":{"icon":"leaf","free_word":"55% Linen, 45% Rayon"}},"b7034bf2-48fd-492f-a089-3169873730db":{"type":"salepoint","settings":{"icon":"lock","free_word":"Secure payment"}},"13c388e5-8dd3-4462-9284-ec3f2c9aabc6":{"type":"salepoint","settings":{"icon":"shield","free_word":"2 Year Warranty"}},"9cd2d8a0-a8b4-46d7-b3a7-b1609af99285":{"type":"fakeviewer","settings":{"fake_view_min":12,"fake_view_max":30,"fake_view_duration":3,"fake_view_text_prefix":"👀","fake_view_text_suffix":"customers are viewing this product"}},"2cf20ef7-ba29-4dd5-8c98-df0b96ba3c5b":{"type":"text","settings":{"text":"🔥  30 sold in last 18 hours","text_style":"body"}},"1be7473b-00b2-4ad9-a7c0-356b86de67a7":{"type":"shipping","settings":{}},"83a6f5b6-88e4-4eb3-9899-a085ea9c58bd":{"type":"shippingtime","settings":{"shipping_button":"Delivery information","page_shipping":"size-guide"}},"2d534ed0-517d-48ca-8370-8659965f32c4":{"type":"share","settings":{}},"a405ef88-bdbe-486d-9fb3-6c91aa4e1509":{"type":"tabfix","disabled":true,"settings":{"enable_tabvertical":false,"gtab_des":"Description","gtab_review_enable":true,"gtab_review":"Review","stab_title1":"Tab 1","stab_content1":"<p>111<\/p>","stab_title2":"","stab_content2":"","stab_title3":"","stab_content3":"","stab_title4":"","stab_content4":""}},"883720d7-3346-4495-85a0-add8b3d7a51f":{"type":"trust-badge","settings":{"trust-heading":"Guarantee safe checkout","width_image":66}},"51f9d856-95f4-4741-bf4d-afe15438ff29":{"type":"related-product","settings":{"title_heading":"Buy with","product_list":["abrigo-largo-lana","awesome-aluminum-plate"]}}},"block_order":["989bce2f-7961-4267-8e6c-40ff4bb0ed64","c5c11045-e3b5-47e4-80d1-25e86ec844cc","1affb493-1e14-4893-9876-be8d348ee475","ff32ea77-bcea-43d3-8e38-55894c9d938a","8288910a-1ad6-47df-b127-118bc1d2ce24","7120c076-9673-4f15-a579-5efa29fefb6f","bf089f50-667c-4417-a84a-9478625741a1","11f6643a-6bb6-4db9-a512-9c0eefc8c3b8","1431e891-e819-4fa1-8416-0cb3956f0e39","2830007b-b9f5-4f33-86cf-680e0a91ca8d","0a71f30d-dba2-4bca-a64d-c3cc2ed17e7d","8d4704f6-d81d-4390-9ec5-af58698bef51","b7034bf2-48fd-492f-a089-3169873730db","13c388e5-8dd3-4462-9284-ec3f2c9aabc6","9cd2d8a0-a8b4-46d7-b3a7-b1609af99285","2cf20ef7-ba29-4dd5-8c98-df0b96ba3c5b","1be7473b-00b2-4ad9-a7c0-356b86de67a7","83a6f5b6-88e4-4eb3-9899-a085ea9c58bd","2d534ed0-517d-48ca-8370-8659965f32c4","a405ef88-bdbe-486d-9fb3-6c91aa4e1509","883720d7-3346-4495-85a0-add8b3d7a51f","51f9d856-95f4-4741-bf4d-afe15438ff29"],"settings":{"setwidth":"container","media_style":"media-bottom","media_size":"normal","image_size":"portrait","enable_video_looping":true,"stock_enable":true,"sizeguide_enable":true,"sizeguide_title":"Size Guide","sizeguide_page":"size-guide","crosssell_title":"Cross selling","upsell_accept":"Add to cart","upsell_decline":"No, thanks","upsell_time":3,"enable":true,"mix_1":"#262626","mix_2":"#ffffff","text_cl":"#ffffff","cart_bg":"#ffffff","cart_cl":"#000000","cart_cl_hover":"#ffffff"}},"product-content":{"type":"product-content","blocks":{"6889c9ba-caef-4edd-9757-6711505cb095":{"type":"description","settings":{"title_tab":"Description"}},"b69a53cf-5bc1-4b18-add3-92af436f966c":{"type":"content","settings":{"title_tab":"Material","answer_content":"","page":"material"}},"147e9960-c5fe-44f4-8469-9583a9752a0a":{"type":"review","settings":{"title_tab":"Reviews"}},"2e69c5c0-ab83-4cda-9c38-1aaab6fdf1cc":{"type":"related-product","settings":{"title_heading":"Frequently Bought Together","product_list":["glazed-ceramic-salt-and-pepper-shakers","stoneware-serving-bowl-with-hand-dipped-glaze"]}}},"block_order":["6889c9ba-caef-4edd-9757-6711505cb095","b69a53cf-5bc1-4b18-add3-92af436f966c","147e9960-c5fe-44f4-8469-9583a9752a0a","2e69c5c0-ab83-4cda-9c38-1aaab6fdf1cc"],"disabled":true,"settings":{"paddingsection":"48px 0px 40px 0px","paddingmobile":"32px 0px 32px 0px","marginsection":"0px 0px 0px 0px","marginmobile":"0px 0px 0px 0px","animation":"fade-up","tab_size":"large","enable_left":true}},"1e04ea1d-fcaa-48a4-9b36-62344d508849":{"type":"parallax-banner","blocks":{"83897ed0-76f5-408a-bfaf-429b0c45b4c5":{"type":"sub_title","settings":{"subtitle":"EFFORTLESS FASHION, EVERY DAY"}},"30314b3c-e1a1-468e-b2d5-399f32e2bbda":{"type":"heading","settings":{"title":"Chic Styles For The Modern Woman","size_text":"h2"}},"dd148053-296c-4c9b-99a6-63c2328328fe":{"type":"paragraph","settings":{"subtext":"<p class=\"col-lg-7 col-12 mx-auto\">Embrace effortless elegance with our curated collection of chic styles designed for the modern woman. From desk to dinner, our fashion pieces effortlessly transition with you. Unlock exclusive offers and redefine your daily style with ease.<\/p>"}}},"block_order":["83897ed0-76f5-408a-bfaf-429b0c45b4c5","30314b3c-e1a1-468e-b2d5-399f32e2bbda","dd148053-296c-4c9b-99a6-63c2328328fe"],"settings":{"animation":"fade","setwidth":"full","bgsection":"#ffffff","parrallax_enable":true,"image":"shopify:\/\/shop_images\/slide-2.jpg","height_section":"550","height_section_mobile":"450","align":"center","position_text":"mid-center","bg_box":"#ffffff","opacity_bgbox":0,"title_color":"#ffffff","bg_overlay":"#000000","gradient_bg":"","opacity_bg_overlay":0.5,"paddingsection":"0px 0px 0px 0px","marginsection":"0px 0px 0px 0px"}},"30d4e0bd-da81-4442-b71d-c0fd1f5b3906":{"type":"image-content-6","blocks":{"template--14654207721557__30d4e0bd-da81-4442-b71d-c0fd1f5b3906-16658225273f87a081-0":{"type":"image_block","settings":{"w_image":40,"pos_image":50,"e_image":"right","image":"shopify:\/\/shop_images\/img2.jpg","image2":"shopify:\/\/shop_images\/img3.jpg","enable_video":false,"text_circle":"Fashion2 style store","video_url":""}},"template--14654207721557__30d4e0bd-da81-4442-b71d-c0fd1f5b3906-16658225273f87a081-1":{"type":"text_block","settings":{"bgtext":"#ffffff","subtitle":"CLASSIC MEETS CONTEMPORARY","title":"Timeless Styles With A Modern Edge","size_text":"h2","text":"","answer_content":"<p>Experience the best of both worlds with our collection that seamlessly blends timeless classics with modern twists. Elevate your wardrobe with pieces that stand the test of time while embracing the latest fashion innovations. Shop now for exclusive discounts.<\/p>","button":"discover now","link":"","align":"left"}}},"block_order":["template--14654207721557__30d4e0bd-da81-4442-b71d-c0fd1f5b3906-16658225273f87a081-0","template--14654207721557__30d4e0bd-da81-4442-b71d-c0fd1f5b3906-16658225273f87a081-1"],"settings":{"animation":"fade-up","setwidth":"container","bgsection":"#ffffff","size":"50-50","enable_padding":true,"align_center":true,"paddingsection":"100px 0px 100px 0px","paddingmobile":"48px 0px 48x 0px","marginsection":"0px 0px 0px 0px","marginmobile":"0px 0px 0px 0px"}},"c5690cdb-c04d-45fd-9c6c-cfee011363ca":{"type":"service","blocks":{"template--14684877652053__c5690cdb-c04d-45fd-9c6c-cfee011363ca-166585292003960893-0":{"type":"service","settings":{"bgblock":"rgba(0,0,0,0)","title":"Free Shipping","description":"From all orders over $100","icon":"<svg width=\"24\" height=\"24\" viewbox=\"0 0 24 24\" fill=\"none\" xmlns=\"http:\/\/www.w3.org\/2000\/svg\">     <path d=\"M16.52 9.24835L16.2133 9.14631L15.5676 11.0835C15.5511 11.1328 15.5595 11.187 15.5899 11.229C15.6203 11.2713 15.6692 11.2961 15.7212 11.2959H17.6584V10.9731H15.9453L16.52 9.24835Z\" fill=\"currentColor\"><\/path>     <path d=\"M5.55152 16.4616C5.33748 16.4616 5.13209 16.5466 4.98074 16.6979C4.82938 16.8493 4.74436 17.0547 4.74436 17.2687C4.74436 17.4828 4.8294 17.6881 4.98074 17.8395C5.13207 17.9909 5.33747 18.0759 5.55152 18.0759C5.76556 18.0759 5.97094 17.9908 6.1223 17.8395C6.27365 17.6882 6.35867 17.4828 6.35867 17.2687C6.35839 17.0547 6.27335 16.8496 6.122 16.6982C5.97066 16.5469 5.76556 16.4619 5.55152 16.4616ZM5.55152 17.753C5.35564 17.753 5.17906 17.635 5.10412 17.4541C5.02918 17.273 5.07054 17.0648 5.20905 16.9262C5.34757 16.7877 5.55584 16.7464 5.73689 16.8213C5.91777 16.8963 6.03582 17.0728 6.03582 17.2687C6.03582 17.5362 5.81903 17.753 5.55152 17.753Z\" fill=\"currentColor\"><\/path>     <path d=\"M17.4967 16.4616C17.2827 16.4616 17.0773 16.5466 16.9259 16.6979C16.7746 16.8493 16.6895 17.0547 16.6895 17.2687C16.6895 17.4828 16.7746 17.6881 16.9259 17.8395C17.0773 17.9909 17.2827 18.0759 17.4967 18.0759C17.7108 18.0759 17.9161 17.9908 18.0675 17.8395C18.2188 17.6882 18.3039 17.4828 18.3039 17.2687C18.3036 17.0547 18.2185 16.8496 18.0672 16.6982C17.9159 16.5469 17.7107 16.4619 17.4967 16.4616ZM17.4967 17.753C17.3008 17.753 17.1243 17.635 17.0493 17.4541C16.9744 17.273 17.0157 17.0648 17.1542 16.9262C17.2928 16.7877 17.501 16.7464 17.6821 16.8213C17.863 16.8963 17.981 17.0728 17.981 17.2687C17.981 17.5362 17.7642 17.753 17.4967 17.753Z\" fill=\"currentColor\"><\/path>     <path d=\"M21.9279 12.2814L19.4108 11.0222L18.4606 7.38023C18.4419 7.30946 18.3776 7.25988 18.3043 7.26002H13.9458V5.16143C13.9458 5.11862 13.9288 5.07755 13.8986 5.04727C13.8683 5.017 13.8272 5 13.7844 5H2.16143C2.07221 5 2 5.07221 2 5.16143V16.7844C2 16.8272 2.01701 16.8683 2.04727 16.8986C2.07754 16.9288 2.11862 16.9458 2.16143 16.9458H3.31723C3.21792 17.5972 3.40775 18.2595 3.83713 18.7592C4.26652 19.2591 4.89261 19.5466 5.55146 19.5466C6.21032 19.5466 6.83641 19.2591 7.26579 18.7592C7.69518 18.2595 7.88499 17.5972 7.78569 16.9458H15.2631C15.1638 17.5972 15.3537 18.2595 15.783 18.7592C16.2124 19.2591 16.8385 19.5466 17.4974 19.5466C18.1562 19.5466 18.7823 19.2591 19.2117 18.7592C19.6411 18.2595 19.8309 17.5972 19.7316 16.9458H21.856C21.8988 16.9458 21.9399 16.9288 21.9701 16.8986C22.0004 16.8683 22.0174 16.8272 22.0174 16.7844V12.426C22.0174 12.3647 21.9826 12.3086 21.9279 12.2814ZM6.8428 5.32271H9.10283V8.77443L8.04502 8.24461C7.99948 8.22198 7.94615 8.22198 7.9006 8.24461L6.8428 8.77443L6.8428 5.32271ZM5.55136 19.2057C5.03752 19.2057 4.54489 19.0016 4.18151 18.6384C3.81829 18.275 3.6142 17.7824 3.6142 17.2685C3.6142 16.7547 3.81829 16.2621 4.18151 15.8987C4.54488 15.5355 5.03752 15.3314 5.55136 15.3314C6.06521 15.3314 6.55784 15.5355 6.92121 15.8987C7.28443 16.262 7.48852 16.7547 7.48852 17.2685C7.48795 17.7821 7.28371 18.2746 6.92047 18.6376C6.5574 19.0009 6.06488 19.2051 5.55136 19.2057ZM13.6229 16.6228H7.71619C7.52996 15.9967 7.08172 15.482 6.48714 15.2113C5.89275 14.9406 5.21013 14.9406 4.6157 15.2113C4.02115 15.482 3.57288 15.9967 3.38665 16.6228H2.3228V5.32271H6.51998V9.03541C6.51969 9.09148 6.54852 9.1438 6.59608 9.17335C6.64379 9.20304 6.70332 9.20578 6.75362 9.1807L7.97285 8.57014L9.19208 9.1807C9.24239 9.20578 9.30191 9.20304 9.34962 9.17335C9.39719 9.1438 9.42601 9.09148 9.42572 9.03541V5.32271H13.6229L13.6229 16.6228ZM17.4972 19.2057C16.9833 19.2057 16.4907 19.0016 16.1273 18.6384C15.7641 18.275 15.56 17.7824 15.56 17.2685C15.56 16.7547 15.7641 16.2621 16.1273 15.8987C16.4907 15.5355 16.9833 15.3314 17.4972 15.3314C18.011 15.3314 18.5037 15.5355 18.867 15.8987C19.2303 16.262 19.4344 16.7547 19.4344 17.2685C19.4338 17.7821 19.2295 18.2746 18.8663 18.6376C18.5032 19.0009 18.0107 19.2051 17.4972 19.2057ZM21.6944 16.6228H19.6619C19.4757 15.9967 19.0275 15.482 18.4329 15.2113C17.8385 14.9406 17.1559 14.9406 16.5615 15.2113C15.9669 15.482 15.5186 15.9967 15.3324 16.6228H13.9457V7.58273H18.1798L19.1161 11.1749C19.1279 11.22 19.1586 11.2579 19.2002 11.2786L21.6945 12.5254L21.6944 16.6228Z\" fill=\"currentColor\"><\/path>     <path d=\"M16.52 9.24835L16.2133 9.14631L15.5676 11.0835C15.5511 11.1328 15.5595 11.187 15.5899 11.229C15.6203 11.2713 15.6692 11.2961 15.7212 11.2959H17.6584V10.9731H15.9453L16.52 9.24835Z\" stroke=\"currentColor\" stroke-width=\"0.1\"><\/path>     <path d=\"M5.55152 16.4616C5.33748 16.4616 5.13209 16.5466 4.98074 16.6979C4.82938 16.8493 4.74436 17.0547 4.74436 17.2687C4.74436 17.4828 4.8294 17.6881 4.98074 17.8395C5.13207 17.9909 5.33747 18.0759 5.55152 18.0759C5.76556 18.0759 5.97094 17.9908 6.1223 17.8395C6.27365 17.6882 6.35867 17.4828 6.35867 17.2687C6.35839 17.0547 6.27335 16.8496 6.122 16.6982C5.97066 16.5469 5.76556 16.4619 5.55152 16.4616ZM5.55152 17.753C5.35564 17.753 5.17906 17.635 5.10412 17.4541C5.02918 17.273 5.07054 17.0648 5.20905 16.9262C5.34757 16.7877 5.55584 16.7464 5.73689 16.8213C5.91777 16.8963 6.03582 17.0728 6.03582 17.2687C6.03582 17.5362 5.81903 17.753 5.55152 17.753Z\" stroke=\"currentColor\" stroke-width=\"0.1\"><\/path>     <path d=\"M17.4967 16.4616C17.2827 16.4616 17.0773 16.5466 16.9259 16.6979C16.7746 16.8493 16.6895 17.0547 16.6895 17.2687C16.6895 17.4828 16.7746 17.6881 16.9259 17.8395C17.0773 17.9909 17.2827 18.0759 17.4967 18.0759C17.7108 18.0759 17.9161 17.9908 18.0675 17.8395C18.2188 17.6882 18.3039 17.4828 18.3039 17.2687C18.3036 17.0547 18.2185 16.8496 18.0672 16.6982C17.9159 16.5469 17.7107 16.4619 17.4967 16.4616ZM17.4967 17.753C17.3008 17.753 17.1243 17.635 17.0493 17.4541C16.9744 17.273 17.0157 17.0648 17.1542 16.9262C17.2928 16.7877 17.501 16.7464 17.6821 16.8213C17.863 16.8963 17.981 17.0728 17.981 17.2687C17.981 17.5362 17.7642 17.753 17.4967 17.753Z\" stroke=\"currentColor\" stroke-width=\"0.1\"><\/path>     <path d=\"M21.9279 12.2814L19.4108 11.0222L18.4606 7.38023C18.4419 7.30946 18.3776 7.25988 18.3043 7.26002H13.9458V5.16143C13.9458 5.11862 13.9288 5.07755 13.8986 5.04727C13.8683 5.017 13.8272 5 13.7844 5H2.16143C2.07221 5 2 5.07221 2 5.16143V16.7844C2 16.8272 2.01701 16.8683 2.04727 16.8986C2.07754 16.9288 2.11862 16.9458 2.16143 16.9458H3.31723C3.21792 17.5972 3.40775 18.2595 3.83713 18.7592C4.26652 19.2591 4.89261 19.5466 5.55146 19.5466C6.21032 19.5466 6.83641 19.2591 7.26579 18.7592C7.69518 18.2595 7.88499 17.5972 7.78569 16.9458H15.2631C15.1638 17.5972 15.3537 18.2595 15.783 18.7592C16.2124 19.2591 16.8385 19.5466 17.4974 19.5466C18.1562 19.5466 18.7823 19.2591 19.2117 18.7592C19.6411 18.2595 19.8309 17.5972 19.7316 16.9458H21.856C21.8988 16.9458 21.9399 16.9288 21.9701 16.8986C22.0004 16.8683 22.0174 16.8272 22.0174 16.7844V12.426C22.0174 12.3647 21.9826 12.3086 21.9279 12.2814ZM6.8428 5.32271H9.10283V8.77443L8.04502 8.24461C7.99948 8.22198 7.94615 8.22198 7.9006 8.24461L6.8428 8.77443L6.8428 5.32271ZM5.55136 19.2057C5.03752 19.2057 4.54489 19.0016 4.18151 18.6384C3.81829 18.275 3.6142 17.7824 3.6142 17.2685C3.6142 16.7547 3.81829 16.2621 4.18151 15.8987C4.54488 15.5355 5.03752 15.3314 5.55136 15.3314C6.06521 15.3314 6.55784 15.5355 6.92121 15.8987C7.28443 16.262 7.48852 16.7547 7.48852 17.2685C7.48795 17.7821 7.28371 18.2746 6.92047 18.6376C6.5574 19.0009 6.06488 19.2051 5.55136 19.2057ZM13.6229 16.6228H7.71619C7.52996 15.9967 7.08172 15.482 6.48714 15.2113C5.89275 14.9406 5.21013 14.9406 4.6157 15.2113C4.02115 15.482 3.57288 15.9967 3.38665 16.6228H2.3228V5.32271H6.51998V9.03541C6.51969 9.09148 6.54852 9.1438 6.59608 9.17335C6.64379 9.20304 6.70332 9.20578 6.75362 9.1807L7.97285 8.57014L9.19208 9.1807C9.24239 9.20578 9.30191 9.20304 9.34962 9.17335C9.39719 9.1438 9.42601 9.09148 9.42572 9.03541V5.32271H13.6229L13.6229 16.6228ZM17.4972 19.2057C16.9833 19.2057 16.4907 19.0016 16.1273 18.6384C15.7641 18.275 15.56 17.7824 15.56 17.2685C15.56 16.7547 15.7641 16.2621 16.1273 15.8987C16.4907 15.5355 16.9833 15.3314 17.4972 15.3314C18.011 15.3314 18.5037 15.5355 18.867 15.8987C19.2303 16.262 19.4344 16.7547 19.4344 17.2685C19.4338 17.7821 19.2295 18.2746 18.8663 18.6376C18.5032 19.0009 18.0107 19.2051 17.4972 19.2057ZM21.6944 16.6228H19.6619C19.4757 15.9967 19.0275 15.482 18.4329 15.2113C17.8385 14.9406 17.1559 14.9406 16.5615 15.2113C15.9669 15.482 15.5186 15.9967 15.3324 16.6228H13.9457V7.58273H18.1798L19.1161 11.1749C19.1279 11.22 19.1586 11.2579 19.2002 11.2786L21.6945 12.5254L21.6944 16.6228Z\" stroke=\"currentColor\" stroke-width=\"0.1\"><\/path>     <\/svg>"}},"template--14684877652053__c5690cdb-c04d-45fd-9c6c-cfee011363ca-166585292003960893-1":{"type":"service","settings":{"bgblock":"rgba(0,0,0,0)","title":"Quality Support","description":"24\/7 online feedback","icon":"<svg width=\"24\" height=\"24\" viewbox=\"0 0 24 24\" fill=\"none\" xmlns=\"http:\/\/www.w3.org\/2000\/svg\"> <path d=\"M12.4427 16.0452L13.2098 16.5377L12.8133 16.91C12.6662 17.0481 12.4725 17.1251 12.2711 17.1251H11.7248C11.5236 17.1251 11.3297 17.0481 11.1826 16.91L10.7861 16.5377L11.5531 16.0452C11.662 15.9752 11.7991 15.968 11.9148 16.026L11.9978 16.068L12.081 16.0263C12.1964 15.968 12.3339 15.9752 12.4427 16.0452H12.4427ZM22 14.3887H17.7809L17.7808 21.0184L17.6537 21.0477C17.4159 21.1026 17.1733 21.1304 16.9325 21.1304C15.9064 21.1304 13.9137 20.4619 13.7161 17.9325L13.7109 17.863L13.7567 17.8107C13.7684 17.7973 14.9366 16.4502 15.5064 15.0378C15.5872 14.8374 15.659 14.6237 15.7238 14.3886L8.31779 14.3885C8.37328 14.5948 8.44263 14.8182 8.53561 15.0362C9.07934 16.3117 10.275 17.8026 10.287 17.8173L10.3277 17.8675L10.3233 17.9319C10.1614 20.4618 8.14862 21.1304 7.10689 21.1304C6.84578 21.1304 6.58727 21.0991 6.33925 21.0376L6.21471 21.0066V14.3887H2.01946L2.00391 14.2411C1.99385 14.1451 1.81856 11.9778 5.5569 9.03723C5.50355 9.02818 5.45264 9.01407 5.4031 8.99581L3.86509 10.025C3.6837 10.1471 3.4767 10.2093 3.2668 10.2093C3.1438 10.2093 3.01941 10.1878 2.89884 10.1444C2.57173 10.0265 2.32631 9.76678 2.22555 9.43168C2.1251 9.09751 2.18607 8.74553 2.39216 8.466C2.59916 8.18553 2.91728 8.02459 3.26512 8.02459L3.47517 8.02475C3.18128 7.8707 2.98571 7.55938 2.98571 7.21064C2.98571 7.06396 3.02245 6.91636 3.09196 6.78397C3.23006 6.52559 3.47364 6.35344 3.76126 6.31157C4.04814 6.26984 4.33059 6.36389 4.5353 6.57118L5.36955 7.4129C5.46985 7.3707 5.58006 7.34692 5.6953 7.34692C5.89589 7.34692 6.0779 7.42041 6.22299 7.53809L6.23595 7.28049C6.51398 4.26993 8.99098 2 11.9979 2C15.0049 2 17.4817 4.26997 17.7595 7.28009L17.7725 7.46022V8.51981C21.8655 11.4158 21.9923 14.1051 21.9954 14.219L22 14.3887ZM6.58203 7.13023H17.4134C17.0713 4.38079 14.774 2.32972 11.9975 2.32972C9.22097 2.32972 6.92386 4.38075 6.58164 7.13023H6.58203ZM6.55108 7.46025V8.46352L17.4445 8.45999V7.46057L6.55108 7.46042V7.46025ZM5.69549 7.67643C5.40923 7.67643 5.17646 7.91071 5.17646 8.19886C5.17646 8.487 5.40921 8.72129 5.69549 8.72129C5.98175 8.72129 6.21452 8.48701 6.21452 8.19886C6.21452 7.91073 5.98176 7.67643 5.69549 7.67643ZM3.77791 7.78552L4.87251 8.00584C4.90864 7.85057 4.98546 7.71095 5.09323 7.60093L4.30288 6.80355C4.17194 6.67114 3.99253 6.61085 3.80839 6.63769C3.62456 6.6647 3.46878 6.77455 3.38114 6.93903C3.33694 7.02311 3.31316 7.11747 3.31316 7.2106C3.31331 7.48984 3.50857 7.73166 3.77791 7.78551V7.78552ZM5.09888 8.80273C4.97983 8.68351 4.89676 8.52886 4.86444 8.35626L3.26486 8.35427C3.02203 8.35427 2.79979 8.46673 2.65545 8.66235C2.51171 8.85751 2.46903 9.10269 2.53914 9.33588C2.60957 9.56971 2.7809 9.75136 3.00924 9.83361C3.23697 9.91569 3.48254 9.88532 3.68315 9.7503L5.09888 8.80273ZM8.23406 15.1665C8.11974 14.8988 8.03956 14.6223 7.97905 14.3884H6.54226V20.7451C6.72624 20.7818 6.91556 20.8004 7.10671 20.8004C8.03317 20.8004 9.81616 20.2075 9.99145 17.9738C9.77104 17.6945 8.74458 16.3635 8.23409 15.1665L8.23406 15.1665ZM17.453 20.7526L17.4532 14.3888H16.0622C15.9881 14.6703 15.9054 14.9255 15.8101 15.1622C15.2775 16.482 14.2782 17.7041 14.0488 17.975C14.2555 20.2034 15.9529 20.8007 16.9324 20.8007C17.106 20.8007 17.2804 20.7846 17.453 20.7526L17.453 20.7526ZM21.6471 14.0585C21.5454 13.4331 20.9537 11.1733 17.5845 8.78938L6.42617 8.79306C2.75842 11.4355 2.36633 13.5028 2.33082 14.0582L21.6471 14.0585Z\" fill=\"currentColor\" stroke=\"currentColor\" stroke-width=\"0.1\"><\/path> <\/svg>"}},"template--14684877652053__c5690cdb-c04d-45fd-9c6c-cfee011363ca-166585292003960893-2":{"type":"service","settings":{"bgblock":"rgba(0,0,0,0)","title":"Return & Refund","description":"Return money within 30 days","icon":"<svg width=\"24\" height=\"24\" viewbox=\"0 0 24 24\" fill=\"none\" xmlns=\"http:\/\/www.w3.org\/2000\/svg\">     <path d=\"M18.9998 3H4V16.5791H15.2498C15.2482 16.6394 15.2442 16.6994 15.2382 16.7589C15.1038 18.0758 13.9578 19.0859 12.5417 19.0859H7.33342L8.52693 17.9219L8.22989 17.629L6.55146 19.2949L8.22975 21L8.52678 20.7071L7.33342 19.5039H12.5417C14.2517 19.5039 15.6271 18.2109 15.6666 16.5792H19L18.9998 3ZM18.5832 5.92479H13.3749V3.41778H18.5832V5.92479ZM10.0416 3.41778H12.9582V8.97176L11.4999 7.50944L10.0416 8.97176V3.41778ZM9.625 3.41778V5.92465L4.41674 5.92479V3.41778L9.625 3.41778ZM15.6666 16.1612C15.4939 14.633 14.1109 13.4454 12.5416 13.4454H11.0833V13.8631H12.5416C13.8807 13.8631 15.0794 14.8643 15.25 16.1612H4.41677V6.3425H9.62504V9.98049L11.4999 8.10039L13.3748 9.98049L13.375 6.3425H18.5832V16.1612H15.6666Z\" fill=\"currentColor\"><\/path>     <\/svg>"}},"4273663e-a3ea-49a8-a7c1-c872309fc99c":{"type":"service","settings":{"bgblock":"rgba(0,0,0,0)","title":"Gift Voucher","description":"20% off when you shop online","icon":"<svg width=\"24\" height=\"24\" viewbox=\"0 0 24 24\" fill=\"none\" xmlns=\"http:\/\/www.w3.org\/2000\/svg\">     <path d=\"M21.7727 18.8659H2.22729C2.14549 18.8659 2.06992 18.8218 2.02956 18.7506C1.98921 18.6794 1.9903 18.5918 2.03237 18.5217L2.62727 17.5301L2.03237 16.5386C1.98921 16.4666 1.98921 16.3767 2.03237 16.3047L2.62727 15.3131L2.03237 14.3215C1.98921 14.2495 1.98921 14.1596 2.03237 14.0876L2.62727 13.096L2.03237 12.1044C1.98921 12.0324 1.98921 11.9425 2.03237 11.8706L2.62727 10.879L2.03237 9.88737C1.98921 9.81538 1.98921 9.72548 2.03237 9.65349L2.62727 8.6619L2.03237 7.67123C1.9903 7.60095 1.98921 7.51354 2.02956 7.44233C2.06992 7.37112 2.14549 7.32703 2.22729 7.32703H21.7727C21.8547 7.32703 21.9301 7.37113 21.9704 7.44233C22.0108 7.51354 22.0097 7.60095 21.9676 7.67123L21.3727 8.66282L21.9676 9.65441C22.0108 9.72639 22.0108 9.8163 21.9676 9.88829L21.3727 10.8799L21.9676 11.8715C22.0108 11.9435 22.0108 12.0334 21.9676 12.1053L21.3727 13.0969L21.9676 14.0885C22.0108 14.1605 22.0108 14.2504 21.9676 14.3224L21.3727 15.314L21.9676 16.3056C22.0108 16.3776 22.0108 16.4675 21.9676 16.5395L21.3727 17.5311L21.9676 18.5227C22.0097 18.5929 22.0108 18.6803 21.9704 18.7515C21.9301 18.822 21.8547 18.8659 21.7727 18.8659ZM2.62857 18.4116H21.3714L20.9129 17.6473C20.8697 17.5753 20.8697 17.4854 20.9129 17.4134L21.5078 16.4218L20.9129 15.4302C20.8697 15.3582 20.8697 15.2683 20.9129 15.1964L21.5078 14.2048L20.9129 13.2132C20.8697 13.1412 20.8697 13.0513 20.9129 12.9793L21.5078 11.9877L20.9129 10.9961C20.8697 10.9241 20.8697 10.8342 20.9129 10.7622L21.5078 9.77064L20.9129 8.77905C20.8697 8.70706 20.8697 8.61716 20.9129 8.54517L21.3714 7.7809L2.62857 7.78137L3.08713 8.54564C3.13029 8.61762 3.13029 8.70753 3.08713 8.77952L2.49223 9.77111L3.08713 10.7627C3.13029 10.8347 3.13029 10.9246 3.08713 10.9966L2.49223 11.988L3.08713 12.9796C3.13029 13.0516 3.13029 13.1415 3.08713 13.2135L2.49223 14.2051L3.08713 15.1967C3.13029 15.2686 3.13029 15.3586 3.08713 15.4305L2.49223 16.4221L3.08713 17.4137C3.13029 17.4857 3.13029 17.5756 3.08713 17.6476L2.62857 18.4116Z\" fill=\"currentColor\"><\/path>     <path d=\"M5.86194 10.2532C5.8194 10.2532 5.77624 10.2412 5.73791 10.2163C5.63289 10.1477 5.60328 10.007 5.67169 9.90182C5.67901 9.8906 6.40775 8.76124 6.62295 7.51552C6.6443 7.3918 6.76163 7.30891 6.8855 7.33026C7.00921 7.35161 7.09211 7.46925 7.07076 7.59281C6.83906 8.93342 6.08431 10.1011 6.05236 10.15C6.00889 10.217 5.9361 10.2532 5.86194 10.2532Z\" fill=\"currentColor\"><\/path>     <path d=\"M7.99639 10.2532C7.92222 10.2532 7.84961 10.2169 7.80598 10.1502C7.77388 10.1011 7.01866 8.93342 6.78743 7.59281C6.76608 7.46909 6.84913 7.35161 6.97269 7.33026C7.09625 7.30876 7.21389 7.39196 7.23524 7.51552C7.4501 8.76124 8.17916 9.89045 8.1865 9.90182C8.25506 10.007 8.22545 10.1477 8.12028 10.2163C8.0821 10.2413 8.03892 10.2532 7.99639 10.2532Z\" fill=\"currentColor\"><\/path>     <path d=\"M14.8656 15.0462C14.8271 15.0462 14.788 15.0364 14.7522 15.0157C14.6434 14.9529 14.6062 14.814 14.669 14.7053L16.6579 11.2604C16.7206 11.1518 16.8595 11.1144 16.9683 11.1772C17.0771 11.24 17.1143 11.3788 17.0515 11.4876L15.0625 14.9325C15.0206 15.0055 14.9443 15.0462 14.8656 15.0462Z\" fill=\"currentColor\"><\/path>     <path d=\"M14.8233 12.7745C14.3746 12.7745 14.0095 12.4095 14.0095 11.9607C14.0095 11.512 14.3746 11.1469 14.8233 11.1469C15.2721 11.1469 15.6371 11.512 15.6371 11.9607C15.6373 12.4095 15.2722 12.7745 14.8233 12.7745ZM14.8233 11.6013C14.6251 11.6013 14.4639 11.7625 14.4639 11.9607C14.4639 12.1589 14.6251 12.3202 14.8233 12.3202C15.0215 12.3202 15.1828 12.1589 15.1828 11.9607C15.1828 11.7625 15.0215 11.6013 14.8233 11.6013Z\" fill=\"currentColor\"><\/path>     <path d=\"M16.8975 15.0462C16.4488 15.0462 16.0837 14.6811 16.0837 14.2324C16.0837 13.7837 16.4488 13.4186 16.8975 13.4186C17.3463 13.4186 17.7113 13.7837 17.7113 14.2324C17.7115 14.6811 17.3463 15.0462 16.8975 15.0462ZM16.8975 13.8729C16.6993 13.8729 16.5381 14.0342 16.5381 14.2324C16.5381 14.4306 16.6993 14.5918 16.8975 14.5918C17.0957 14.5918 17.257 14.4306 17.257 14.2324C17.257 14.0342 17.0957 13.8729 16.8975 13.8729Z\" fill=\"currentColor\"><\/path>     <path d=\"M15.8608 16.9756C13.7216 16.9756 11.9813 15.2353 11.9813 13.0961C11.9813 10.9569 13.7216 9.21663 15.8608 9.21663C18 9.21663 19.7403 10.9569 19.7403 13.0961C19.7403 15.2353 17.9998 16.9756 15.8608 16.9756ZM15.8608 9.6712C13.9722 9.6712 12.4357 11.2077 12.4357 13.0963C12.4357 14.9849 13.9722 16.5214 15.8608 16.5214C17.7493 16.5214 19.2858 14.9849 19.2858 13.0963C19.2858 11.2078 17.7493 9.6712 15.8608 9.6712Z\" fill=\"currentColor\"><\/path>     <path d=\"M10.5385 11.333H4.43074C4.30531 11.333 4.20356 11.2312 4.20356 11.1058C4.20356 10.9804 4.30531 10.8786 4.43074 10.8786H10.5385C10.6639 10.8786 10.7657 10.9804 10.7657 11.1058C10.7657 11.2312 10.6639 11.333 10.5385 11.333Z\" fill=\"currentColor\"><\/path>     <path d=\"M10.5385 13.3234H4.43074C4.30531 13.3234 4.20356 13.2217 4.20356 13.0962C4.20356 12.9706 4.30531 12.869 4.43074 12.869H10.5385C10.6639 12.869 10.7657 12.9708 10.7657 13.0962C10.7657 13.2218 10.6639 13.3234 10.5385 13.3234Z\" fill=\"currentColor\"><\/path>     <path d=\"M10.5385 15.3138H4.43074C4.30531 15.3138 4.20356 15.2121 4.20356 15.0867C4.20356 14.9611 4.30531 14.8595 4.43074 14.8595H10.5385C10.6639 14.8595 10.7657 14.9612 10.7657 15.0867C10.7657 15.2123 10.6639 15.3138 10.5385 15.3138Z\" fill=\"currentColor\"><\/path>     <path d=\"M9.25687 7.78128C9.15325 7.78128 9.05961 7.70992 9.03561 7.60459C9.00772 7.48227 9.08422 7.36043 9.20654 7.33238C9.35067 7.2995 9.47438 7.25775 9.57395 7.20851C10.0306 6.98211 10.2181 6.42601 9.99154 5.96933C9.88185 5.74807 9.69253 5.5826 9.45851 5.50375C9.22448 5.4249 8.97363 5.44173 8.75252 5.55158C8.31048 5.77066 7.7017 6.47432 7.12395 7.43385C7.0395 7.57408 6.99182 7.6604 6.98979 7.66398C6.92903 7.77383 6.79082 7.81356 6.68097 7.75295C6.57112 7.69234 6.53123 7.55398 6.592 7.44413C6.59418 7.44023 6.64591 7.34675 6.73457 7.19934C7.10478 6.5845 7.83306 5.50001 8.55073 5.14428C8.88075 4.98052 9.25469 4.95528 9.60387 5.07307C9.9529 5.19071 10.2352 5.43737 10.3989 5.76738C10.7367 6.44875 10.4571 7.27784 9.77575 7.61565C9.64409 7.68094 9.48672 7.73454 9.30786 7.77552C9.29056 7.77941 9.27354 7.78128 9.25687 7.78128Z\" fill=\"currentColor\"><\/path>     <path d=\"M4.60146 7.78128C4.58463 7.78128 4.56765 7.77941 4.55067 7.77552C4.37179 7.7347 4.21442 7.68094 4.08289 7.61581C3.75272 7.45205 3.50606 7.16969 3.38843 6.82067C3.2708 6.47164 3.29603 6.09753 3.4598 5.76753C3.6234 5.43752 3.90575 5.19086 4.25478 5.07323C4.60396 4.95559 4.97792 4.98083 5.30792 5.14444C6.02543 5.50001 6.75372 6.58462 7.12393 7.19934C7.21274 7.3469 7.26447 7.44023 7.26649 7.44412C7.32711 7.55397 7.28737 7.69218 7.17752 7.75295C7.06767 7.81356 6.92946 7.77383 6.8687 7.66398C6.86667 7.66039 6.81899 7.57407 6.73454 7.43384C6.15663 6.47432 5.54785 5.77069 5.10597 5.55158C4.88471 5.44188 4.63385 5.4249 4.39982 5.50374C4.16579 5.58259 3.97648 5.74806 3.86679 5.96932C3.75694 6.19074 3.74011 6.44144 3.81895 6.67547C3.8978 6.9095 4.06327 7.09881 4.28453 7.20866C4.38394 7.2579 4.50766 7.29966 4.65179 7.33254C4.7741 7.36043 4.85061 7.48227 4.82272 7.60474C4.79872 7.70992 4.70508 7.78128 4.60146 7.78128Z\" fill=\"currentColor\"><\/path>     <\/svg>"}}},"block_order":["template--14684877652053__c5690cdb-c04d-45fd-9c6c-cfee011363ca-166585292003960893-0","template--14684877652053__c5690cdb-c04d-45fd-9c6c-cfee011363ca-166585292003960893-1","template--14684877652053__c5690cdb-c04d-45fd-9c6c-cfee011363ca-166585292003960893-2","4273663e-a3ea-49a8-a7c1-c872309fc99c"],"settings":{"animation":"fade-up","setwidth":"container","bgsection":"#f5f5f5","title_top":"","title":"","des":"","align-heading":"center","rows":"1","show":3,"paddingbox":"0px 0px 0px 0px","iconcolor":"#222222","titlecolor":"#222222","subcolor":"#999999","color_border":"rgba(0,0,0,0)","size":60,"service_heading":"h5","layout":"style-2","enable_carousel":false,"arrows":false,"draggable":true,"dots":true,"infinite":true,"paddingsection":"32px 0px 32px 0px","paddingmobile":"32px 0px 16px 0px","marginsection":"0px 0px 0px 0px","marginmobile":"0px 0px 0px 0px"}},"70b7f2d2-4c12-4305-88bd-da89e2d18d5b":{"type":"quotes-special","blocks":{"template--14684877652053__70b7f2d2-4c12-4305-88bd-da89e2d18d5b-1665853262e19e6bf8-0":{"type":"quote","settings":{"title":"Wonderful !","quote":"<h4>“Absolutely loved it. The fit, the quality and the color. This is a slim fit jean like none other and the only one I will buy.”<\/h4>","rate":5,"author":"— Susan P.","info":""}},"template--14684877652053__70b7f2d2-4c12-4305-88bd-da89e2d18d5b-1665853262e19e6bf8-1":{"type":"quote","settings":{"title":"perfect !","quote":"<h4>“ The most comfortable shoes ever!! I have them in 3 colors. And I am not done. \"<\/h4>","rate":5,"author":"—  Jaycie Glove","info":""}},"template--14684877652053__70b7f2d2-4c12-4305-88bd-da89e2d18d5b-1665853262e19e6bf8-2":{"type":"quote","settings":{"title":"Awesome","quote":"<h4>\" I love Lola! They're one of my favorite brands. Customer service is excellent. I have only returned items once and it was so easy. \" <\/h4>","rate":5,"author":"—  Kai Felix","info":""}}},"block_order":["template--14684877652053__70b7f2d2-4c12-4305-88bd-da89e2d18d5b-1665853262e19e6bf8-0","template--14684877652053__70b7f2d2-4c12-4305-88bd-da89e2d18d5b-1665853262e19e6bf8-1","template--14684877652053__70b7f2d2-4c12-4305-88bd-da89e2d18d5b-1665853262e19e6bf8-2"],"disabled":true,"settings":{"animation":"fade-up","setwidth":"container","bgsection":"#ffffff","title_top":"","title":"","des":"","align-heading":"center","color_rate":"#f1f1f1","color_rated":"#000000","arrows":true,"draggable":true,"dots":false,"infinite":true,"paddingsection":"100px 0px 100px 0px","paddingmobile":"40px 0px 40px 0px","marginsection":"0px 0px 0px 0px","marginmobile":"0px 0px 0px 0px"}},"f9d11058-e5e4-4a6a-8134-4c101e672497":{"type":"backgroundvideo","blocks":{"2352b9c6-39ce-4ee2-809b-797a7430f4d9":{"type":"paragraph","settings":{"subtext":"★★★★★ 3000+ Reviews"}},"68824fd8-5645-4fc3-9b30-ba506d567226":{"type":"heading","settings":{"title":"For the Explorers.","size_text":"h1"}},"32234901-bf48-4736-bf33-224a93b7b36b":{"type":"paragraph","settings":{"subtext":"Weekends are better with friends"}}},"block_order":["2352b9c6-39ce-4ee2-809b-797a7430f4d9","68824fd8-5645-4fc3-9b30-ba506d567226","32234901-bf48-4736-bf33-224a93b7b36b"],"settings":{"animation":"","setwidth":"full","height_section":"550px","height_section_mobile":"450px","align":"center","position_text":"mid-center","link_video":"https:\/\/cdn.shopify.com\/videos\/c\/o\/v\/55dcd18848724521930851fdc47ff624.mp4","bgsection":"#ffffff","bg_overlay":"#000000","gradient_bg":"","opacity_bg_overlay":0.5,"title_color":"#ffffff","bg_box":"#ffffff","opacity_bgbox":0,"marginsection":"0px 0px 0px 0px","marginmobile":"0px 0px 0px 0px"}},"bcb1cba3-80fc-49a2-a033-40cf0618e9c8":{"type":"faq-accordion","blocks":{"template--14684877652053__bcb1cba3-80fc-49a2-a033-40cf0618e9c8-16659371170e440ef7-0":{"type":"faq","settings":{"faq_title":"Is the shipping free?","faq_des":"<p>Yes. Worldwide shipping is already included in the price. We use DHL express with 3 days delivery time.<\/p>"}},"template--14684877652053__bcb1cba3-80fc-49a2-a033-40cf0618e9c8-16659371170e440ef7-1":{"type":"faq","settings":{"faq_title":"When will I receive my item?","faq_des":"<p>When we have received your order, you will automatically receive an e-mail confirming your order. Orders made before 2 PM (CET) will be picked, packed and shipped the same day. Delivery time is usually 2-4 working days with DHL Express.<\/p>"}},"template--14684877652053__bcb1cba3-80fc-49a2-a033-40cf0618e9c8-16659371170e440ef7-2":{"type":"faq","settings":{"faq_title":"Can I change or return my item?","faq_des":"<p>If you want to change a product into another model, strap color etc., please contact us so we are able to reserve the new item in our stock immediately. You are always entitled to an exchange or refund within 30 days after you have received your package, as long as the item has not been used.<\/p>"}}},"block_order":["template--14684877652053__bcb1cba3-80fc-49a2-a033-40cf0618e9c8-16659371170e440ef7-0","template--14684877652053__bcb1cba3-80fc-49a2-a033-40cf0618e9c8-16659371170e440ef7-1","template--14684877652053__bcb1cba3-80fc-49a2-a033-40cf0618e9c8-16659371170e440ef7-2"],"settings":{"animation":"","setwidth":"container","bgsection":"#ffffff","e_size":"auto","e_repeat":"no-repeat","e_pos":"center center","title_top":"","title":"FAQs","des":"Have a question ? We are here to help.","align-heading":"center","title_size":"h5","e_first_open":false,"e_reverse":true,"e_small":true,"left_html":"","e_right":false,"paddingsection":"100px 0px 100px 0px","paddingmobile":"60px 0px 60px 0px","marginsection":"0px 0px 0px 0px","marginmobile":"0px 0px 0px 0px"}},"2882975a-3f6b-438d-9a02-bfeacf954e1a":{"type":"count-down","settings":{"animation":"fade-up","setwidth":"container","bgsection":"#000000","bg_full":false,"enable_padding":true,"color":"#ffffff","e_blur":true,"overlay":"#081625","opacity":0.5,"title":"Sale Event","size_text":"h3","des":"We've refreshed our sale with discounts of up to 50% on select styles.","data_countdown":"2025-05-11T00:00:00","e_button":true,"txt_button":"Shop Collection","link_button":"","style_btn":"btn-outline btn-outline-white","paddingsection":"32px 0px 32px 0px","paddingmobile":"60px 0px 60px 0px","marginsection":"0px 0px 0px 0px","marginmobile":"0px 0px 0px 0px"}},"product-recommendations":{"type":"product-recommendations","settings":{"animation":"fade-up","setwidth":"container","heading":"You may also like","heading_size":"h3","heading_align":"center","products_to_show":4,"columns_desktop":"3","columns_mobile":"6","padding_top":80,"padding_bottom":32}},"be561305-5bee-4018-a668-c8770086ba5b":{"type":"line","disabled":true,"settings":{"animation":"","paddingsection":"0px 0px 0px 0px","marginsection":"0px 0px 0px 0px","bgsection":"#ffffff","setwidth":"container","bgborder":"#dddddd","wborder":"1px"}},"product-recent":{"type":"recently-viewed","settings":{"enable":true,"animation":"fade-up","setwidth":"container","title_top":"","title":"Recently viewed","des":"","align-heading":"center","limit":6,"paddingsection":"0px 0px 60px 0px","paddingmobile":"40px 0px 40px 0px","marginsection":"0px 0px 0px 0px","marginmobile":"0px 0px 0px 0px"}}},"order":["main","product-content","1e04ea1d-fcaa-48a4-9b36-62344d508849","30d4e0bd-da81-4442-b71d-c0fd1f5b3906","c5690cdb-c04d-45fd-9c6c-cfee011363ca","70b7f2d2-4c12-4305-88bd-da89e2d18d5b","f9d11058-e5e4-4a6a-8134-4c101e672497","bcb1cba3-80fc-49a2-a033-40cf0618e9c8","2882975a-3f6b-438d-9a02-bfeacf954e1a","product-recommendations","be561305-5bee-4018-a668-c8770086ba5b","product-recent"]}