{"sections":{"main":{"type":"product-template-5","blocks":{"b61a4d17-4f3a-4a2b-9adb-7515aedd1a16":{"type":"html","settings":{"setwidthcontent":"container","content_html":""}},"09cfcd99-ccd6-4109-9adc-20f701152ac0":{"type":"service","settings":{"setwidthcontent":"container","style_service":"pro__ser_1","ser_1":"<h5>FREE SHIPPING<\/h5>\n<p>Free shipping on all US order above $99<\/p>","ser_2":"<h5>SUPPORT 24\/7<\/h5>\n<p>Contact us 24 hours a day, 7 days a week<\/p>","ser_3":"<h5>30 DAYS RETURN<\/h5>\n<p>Simply return it within 24 days for an exchange. <\/p>","ser_4":"<h5>100% PAYMENT SECURE<\/h5>\n<p>We ensure secure payment with PEV<\/p>","ser_5":""}},"32827ec6-3611-4c53-892a-92b857d9031a":{"type":"html","settings":{"setwidthcontent":"container","content_html":"<hr>\n<br>"}},"885f6ab7-73e7-4e5b-a9d0-23dbd97ed9c1":{"type":"related-product","settings":{"setwidthcontent":"container","relate_products_title":"Related product","show":4,"arrows":true,"draggable":true,"dots":true}}},"block_order":["b61a4d17-4f3a-4a2b-9adb-7515aedd1a16","09cfcd99-ccd6-4109-9adc-20f701152ac0","32827ec6-3611-4c53-892a-92b857d9031a","885f6ab7-73e7-4e5b-a9d0-23dbd97ed9c1"],"settings":{"enable_hurrify":true,"stock_enable":true,"enable_payment_button":true,"social_sharing_products":true,"next_prev_enable":true,"product_vendor_enable":true,"product_type_enable":true,"variant_sku_enable":true,"variant_available_enable":true,"wailist":true,"product_selector":"radio","sizeguide_enable":false,"sizeguide_title":"Size guide","sizeguide_page":"","fake_view_enable":true,"fake_view_min":12,"fake_view_max":30,"fake_view_duration":3,"fake_view_text_prefix":"Currently there are","fake_view_text_suffix":"peoples are currently looking at this product","gtab_des":"Description","gtab_review_enable":true,"gtab_review":"Review","positiontab":"right","enable_tabvertical":true,"stab_title1":"Specific tab 1","stab_title2":"Specific tab 2","stab_title3":"Specific tab 3","stab_title4":"Specific tab 4","enable":true,"mix_1":"#262626","mix_2":"#c0c0c0","text_cl":"#ffffff","cart_bg":"#008060","cart_cl":"#ffffff","cart_bg_hover":"#00b386","cart_cl_hover":"#ffffff"}}},"order":["main"]}